-- phpMyAdmin SQL Dump
-- version 4.6.6
-- https://www.phpmyadmin.net/
--
-- Servidor: localhost
-- Tiempo de generación: 28-06-2017 a las 02:00:20
-- Versión del servidor: 5.7.17-log
-- Versión de PHP: 5.6.30

SET SQL_MODE = "NO_AUTO_VALUE_ON_ZERO";
SET time_zone = "+00:00";


/*!40101 SET @OLD_CHARACTER_SET_CLIENT=@@CHARACTER_SET_CLIENT */;
/*!40101 SET @OLD_CHARACTER_SET_RESULTS=@@CHARACTER_SET_RESULTS */;
/*!40101 SET @OLD_COLLATION_CONNECTION=@@COLLATION_CONNECTION */;
/*!40101 SET NAMES utf8mb4 */;

--
-- Base de datos: `codijisa`
--

DELIMITER $$
--
-- Procedimientos
--
CREATE DEFINER=`root`@`localhost` PROCEDURE `RegistrarVenta` (`VALidCLIENTE` INT(11), `VALidPRODUCTO` INT(11), `VALVolumen` DECIMAL(10,1), `VALidUsuario` INT(11), `VALMarca` VARCHAR(45))  BEGIN
    DECLARE precioS DECIMAL (10,2) DEFAULT 0;
    SELECT Precio*VALVolumen INTO precioS FROM Producto WHERE idPRODUCTO=VALidPRODUCTO;
    INSERT INTO venta (fecha, Volumen, Monto, Cobertura, users_id, CLIENTE_idCLIENTE, producto_idPRODUCTO, producto_marca_idMARCA, Activo) 
    VALUEs (CURDATE(), VALVolumen,precioS, 1,VALiDUsuario,VALidCLIENTE,VALidPRODUCTO, VALMarca,1);
    
    SELECT idMETA, (V.volumen) as NuevoVolumen,SUM(V.volumen) >= DM.Pedido_minimo as Coberturado
	FROM producto P 
		JOIN Detalle_meta DM 
			ON P.idPRODUCTO = DM.producto_idPRODUCTO AND  P.marca_idMARCA = DM.producto_marca_idMARCA
		JOIN Meta M 
			ON DM.meta_idMETA = M.idMETA AND M.Cobertura >0
		JOIN Venta V 
			ON P.idProducto = V.producto_idPRODUCTO
	WHERE M.activo=1 
		AND V.Activo=1 
		AND MONTH(M.mes) = MONTH(CURRENT_DATE()) 
		AND V.CLIENTE_idCLIENTE=VALidCLIENTE
		AND idPRODUCTO=VALidPRODUCTO
	GROUP BY (P.Nombre)
	ORDER BY (V.Volumen) DESC;
    
   END$$

--
-- Funciones
--
CREATE DEFINER=`root`@`localhost` FUNCTION `RegistrarVenta` (`VALidCLIENTE` INT(11), `VALidPRODUCTO` INT(11), `VALVolumen` DECIMAL(10,1), `VALidUsuario` INT(11), `VALMarca` VARCHAR(45)) RETURNS TINYINT(1) BEGIN
    DECLARE precioS DECIMAL (10,2) DEFAULT 0;
    DECLARE Coberturado tinyint(1) default 0;
	SELECT Precio*VALVolumen INTO precioS FROM Producto WHERE idPRODUCTO=VALidPRODUCTO;
    INSERT INTO venta (fecha, Volumen, Monto, Cobertura, users_id, CLIENTE_idCLIENTE, producto_idPRODUCTO, producto_marca_idMARCA, Activo) 
    VALUEs (CURDATE(), VALVolumen,precioS, 1,VALiDUsuario,VALidCLIENTE,VALidPRODUCTO, VALMarca,1);
    
	SELECT SUM(V.volumen) >= DM.Pedido_minimo INTO Coberturado
	FROM producto P 
		JOIN Detalle_meta DM 
			ON P.idPRODUCTO = DM.producto_idPRODUCTO AND  P.marca_idMARCA = DM.producto_marca_idMARCA
		JOIN Meta M 
			ON DM.meta_idMETA = M.idMETA
		JOIN Venta V 
			ON P.idProducto = V.producto_idPRODUCTO
	WHERE M.activo=1 
		AND V.Activo=1 
		AND MONTH(M.mes) = MONTH(CURRENT_DATE()) 
		AND V.CLIENTE_idCLIENTE=VALidCLIENTE
		AND idPRODUCTO=VALidPRODUCTO
	GROUP BY (P.Nombre)
	ORDER BY (V.Volumen) DESC;
    
    RETURN Coberturado;
   END$$

DELIMITER ;

-- --------------------------------------------------------

--
-- Estructura de tabla para la tabla `cliente`
--

CREATE TABLE `cliente` (
  `idCLIENTE` int(11) NOT NULL,
  `Nombre` varchar(100) DEFAULT NULL,
  `Zona` varchar(40) DEFAULT NULL,
  `listaColgate` tinyint(1) DEFAULT NULL,
  `Activo` tinyint(1) DEFAULT '1',
  `Direccion` varchar(100) DEFAULT NULL
) ENGINE=InnoDB DEFAULT CHARSET=utf8;

--
-- Volcado de datos para la tabla `cliente`
--

INSERT INTO `cliente` (`idCLIENTE`, `Nombre`, `Zona`, `listaColgate`, `Activo`, `Direccion`) VALUES
(1, 'Marie Pinto', '0', 1, 1, NULL),
(2, 'Dora Gozzer', '0', 0, 1, NULL),
(3, 'Angelo Melgar', '0', 1, 1, NULL),
(4, 'Marie Cabanillas', '0', 1, 0, NULL),
(500144, 'VASQUEZ REYES TEOTISTA DEL PILAR', 'La Esperanza', 1, 1, '25 DE DICIEMBRE 235'),
(500148, 'VASQUEZ REYES MARILU', 'La Esperanza', 1, 1, '25 DE DICIEMBRE 185'),
(500177, 'COSAVALENTE LEON ROSA', 'La Esperanza', 0, 1, 'HEREDIA 100 - LA ESPERANZA'),
(500181, 'ALFARO DE GUTIERREZ TERESITA DE JESUS', 'La Esperanza', 1, 1, 'CHANCAY   608 LA ESPERANZA'),
(500185, ' LOPEZ BONIFACIO ROSA MARIBEL', 'La Esperanza', 0, 1, 'CAL. LOS LAURELES # 491  ESP PTE BAJA'),
(500446, 'REYNA DE REYES SABINA IGNACIA', 'San Andres', 0, 1, 'SANTA MARTHA MZ.J LT.14 LA MERCED III.ET.'),
(500450, 'PAREDES GONZALES FLOR DE MARIA', 'San Andres', 0, 1, 'AV. ESPAÑA # 157 URB. SAN ANDRES I ETAPA'),
(500482, 'VILLALOBOS DE ALCALDE ADELA ANTONIETA', 'San Andres', 1, 1, 'COMPAGNON 590 URB. SAN ANDRES'),
(500488, 'CRUZADO RABANAL MARTHA ANGELICA', 'San Andres', 0, 1, 'COMPAGNON 363 URB.SAN ANDRES'),
(500493, 'PANADERIA Y PASTELERIA \"SUPER TECHY\"', 'San Andres', 0, 1, 'DEAN SAAVEDRA 342 URB.SAN ANDRES'),
(500499, 'FUSTAMANTE DE VASQUEZ GLORIA HAYDEE', 'San Andres', 0, 1, 'HEREDIA 256 URB.SAN ANDRES 3 ETP.'),
(500501, 'ARTEAGA VILCHEZ MAGDA LUZ', 'San Andres', 0, 1, 'HEREDIA 268 - 270 URB. SAN ANDRES'),
(500608, 'SAUCEDO ALCANTARA MANUELA', 'La Esperanza', 1, 1, 'ROBLES 125  A LA ESPERANZA BAJA'),
(501147, 'ZAVALETA HUACCHA MARIO PAUL', 'San Andres', 0, 1, 'AV.LARCO 1008 UB.SAN ANDRES'),
(501374, 'ORDAZ  PLASCENCIA MERY GLADYS', 'Covicorti', 0, 1, 'MDO. COVICORTI PTO. 1'),
(501397, 'VALDERRAMA ACEVEDO HILDA', 'Pesqueda', 1, 1, 'LAS PERLAS MZ.71 LT.7 URB.LA RINCONADA'),
(501405, 'CABRERA VARGAS EUFEMIA', 'Pesqueda', 1, 1, 'LOS AGUANOS MZ.69 LT.58 URB. LA RINCONADA'),
(501602, 'LIMAS MEDINA FELICITA', 'Covicorti', 0, 1, 'MZ.T LT.4 URB. COVICORTI'),
(501621, 'QUIPUSCOA CASTILLO SEGUNDO EFIGENIO', 'Covicorti', 0, 1, 'PTO.8 MDO. COVICORTI (FRT.MZ I.LT.23)'),
(501624, 'PINZON JARAMILLO TULIO HERMOGENES', 'Covicorti', 0, 1, 'MZ.O LT.15 COVICORTI'),
(501626, 'ESPINOZA VILCHEZ ALICIA', 'Covicorti', 0, 1, 'MZ.E LT.6 TRUPAL'),
(501630, 'VALLEJO LUJAN NORMA BEATRIZ', 'Covicorti', 1, 1, 'MZ.G LT.31 TRUPAL'),
(501634, 'ESQUIVEL NIQUIN JEANNETH ELIZABETH', 'Covicorti', 0, 1, 'MZ.B LT.10 TRUPAL'),
(501643, 'SEVILLANO VERA DE SILVA LUISA ISABEL', 'Covicorti', 0, 1, 'MZ.Q LT.4 URB. COVICORTI'),
(503082, 'SALDAÑA LEON MARIA', 'La Esperanza', 0, 1, 'SAN LUCAS 169- ESPERANZA BAJA'),
(503084, 'DIAZ ESPINOZA ANA JESUS', 'Arévalo', 1, 1, 'MZ.Q LT.1 ALAN GARCIA- ESPERANZA BAJA'),
(503455, 'PISCO CRUZADO MARUJA', 'Arévalo', 1, 1, 'MZ.D LT.19 SEC.ALAN GARCIA LA ESPERANZA'),
(503458, 'VEGA LETURIA JESUS AMPARO', 'La Esperanza', 0, 1, 'SAN LUCAS 155 -LA ESPERANZA BAJA'),
(503464, 'LAZARO ACEVEDO EDWIN LUIS', 'Arévalo', 1, 1, 'MZ.A26 LT.1 MANUEL AREVALO 3ERA ET.LA ESPERANZA'),
(503631, 'SUBCAFAE- DIRELL', 'San Andres', 0, 1, 'JUAN PABLO II 471-473 URB.SAN ANDRES'),
(504586, 'PEREZ DE BRICEÑO SUSANA AGAPITA', 'La Esperanza', 1, 1, 'BELEN 101 - LA ESPERANZA BAJA'),
(504982, 'TORRES AVILA TEODORA MARUJA', 'Covicorti', 1, 1, 'MZ.C PRIMA  LT.19 COVICORTI'),
(505048, 'RODRIGUEZ MORALES HAYDEE', 'Arévalo', 1, 1, 'MZ.E LT.7-ALAN GARCIA-ESPERANZA BA.'),
(505209, 'CHICLAYO FERNADEZ MARISA MARLENY', 'Pesqueda', 0, 1, 'CAL. LAS OXIDIANAS MZ. 21 LT. 18B'),
(505251, 'RODRIGUEZ VARGAS DANIEL', 'Covicorti', 0, 1, 'MZ. Y LT. 13  - COVICORTI'),
(505981, 'SANCHEZ ARENAS HUGO LUIS', 'Covicorti', 1, 1, 'MZ.A LT.6 COVICORTI'),
(505982, 'FLORIAN FLORIAN SILVIA', 'Covicorti', 0, 1, 'MZ.I LT.13 COVICORTI'),
(505996, 'VASQUEZ VASQUEZ SANTOS MIGUEL', 'Covicorti', 0, 1, 'MZ.Y LT.28A- COVICORTI'),
(506083, 'LOPEZ DE FERNANDEZ CARMEN GUADALUPE', 'La Esperanza', 1, 1, 'HUAMANCHIRI 280-ESPERANZA BAJA'),
(506219, 'SALAS MURGA ANGELA FLOR', 'Pesqueda', 0, 1, 'LOS ESPINOS MZ.28 LT.61 AA.HH.SANTA SOFIA'),
(506397, 'MIÑANO PRINCIPE ROBERTO JAVIER', 'Covicorti', 0, 1, 'PTO.ACEITUNAS MDO.COVICORTI-COVICORTI'),
(506468, 'VILLACORTA BLAS ANA MARIA', 'Arévalo', 0, 1, 'AV. 14 DE AGOSTO MZ. E LT. 4  VIA HUANCHACO'),
(506596, 'RODRIGUEZ CALDERON DE CONTRERAS BENIGNA', 'Pesqueda', 1, 1, 'LOS ESPINOS 177 (MZ.28 LT.54)  SEC1 PESQUEDA'),
(506784, 'RUIZ LOPEZ MARIA ESTHER', 'Covicorti', 0, 1, 'MZ C LT 2 COVICORTI'),
(506785, 'VARA RODRIGUEZ JUAN PEDRO', 'Covicorti', 1, 1, 'MZ.G LT.5  URB.TRUPAL'),
(507057, 'ARANDA CUSTODIO HILDA', 'Pesqueda', 0, 1, 'SANTA SOFIA MZ.D LT.1 (1ER LOZA DEP)1ER SEC.PESQUEDA'),
(507182, 'DAZA YUPANQUI  MARIA MERITA', 'La Esperanza', 0, 1, 'GARCILAZO DE LA VEGA 336 LA ESPERANZA P.BAJA'),
(507490, 'CHAVEZ ANTICONA ANGELITA BEATRIZ', 'San Andres', 0, 1, 'CAL. DEAN SAAVEDRA # 220 URB. SAN ANDRES  - SOLO CONTADO'),
(507495, 'SALAZAR TITO PAOLA JUANA', 'Covicorti', 1, 1, 'MDO. COVICORTI # 2'),
(507518, 'DIAZ GALICIA SABINA', 'Pesqueda', 1, 1, 'MZ.32 LT.17 - URB.LA RINCONADA'),
(507928, 'MIÑANO MERERO PALMIRA FREDESVINDA', 'Pesqueda', 1, 1, 'CAL. LOS ESPINOS MZ. 28 LT. 59A  CERRO PESQUEDA'),
(508012, 'REYES PARDO EUGENIO', 'La Esperanza', 1, 1, 'HUAMACHIRI 512 SANTA VERONICA LA ESPERANZA'),
(508125, 'ACOSTA REYES MELCHORA CELESTINA', 'La Esperanza', 0, 1, 'CAL.EGIPTO NRO. 847'),
(508235, 'AGUIRRE FLORES LIDIA MAXIMINA', 'La Esperanza', 1, 1, 'GARCILAZO DE LA VEGA 452 LA ESPERANZA P.BAJA'),
(508299, 'ESQUERRE BOLAÑOS IRMA TEOFILA', 'San Andres', 1, 1, 'SANTA EULALIA MZ.R LT.24 URB.LA MERCED'),
(508587, 'NORIEGA GOMES FLOR', 'La Esperanza', 0, 1, 'SAPIOLA 1994 - LA ESPERANZA P.BAJA'),
(508936, 'LARA ALBARRAN  DE GARCIA MIRIA CONSUELO', 'Pacasmayo', 1, 1, 'JR. ANDRES RAZURI NRO. 227  - COD ANT 523263'),
(508984, 'ROJAS ZAVALA TEODORA BALBINA', 'Covicorti', 1, 1, 'MZ.N P LT.01 C.V.COVICORTI  - COD ANTERIOR 520249'),
(509519, 'CUBAS MERINO ALBERTO ALEJANDRO', 'Pacasmayo', 0, 1, 'CAL. HABRAN VALDELOMAR MZ. Z LT. 33  EL PORVENIR'),
(509953, 'ARRIBASPLATA DE VASQUEZ ARMINDA ZULEMA', 'Pacasmayo', 1, 1, 'NICOLAS DE PIEROLA 49 PACASMAYO P.ALTA'),
(509960, 'SOTO MOSTACERO YOLANDINA ZELMIRA', 'Pacasmayo', 0, 1, 'CAL. N.PIEROLA # 984  PACASMAYO PTE.ALTA'),
(510221, 'VASQUEZ TIRADO CELIA MABEL', 'Pacasmayo', 0, 1, 'BARRANCO 30 - PACASMAYO'),
(510224, 'LICERA PEREZ ROSARIO YSABEL', 'Pacasmayo', 1, 1, 'BARRANCO 12 - PACASMAYO'),
(510405, 'PECHO QUEZADA WILLIAM EDUARDO', 'Pesqueda', 1, 1, 'MZ.50-A LT.1 PR0LG.C.VALLEJO UB.LA RINCONADA'),
(510515, 'GARCIA ROSAS GLORIA MARLENY', 'Pesqueda', 1, 1, 'AV.5 DE ABRIL 662 PESQUEDA SEC.1'),
(510791, 'CHOMBA CORREA GLADYS ESTHER', 'Pacasmayo', 1, 1, 'RAYMONDI 412 - PACASMAYO'),
(510792, 'CUBAS DE RENGIFO MARIA TERESA', 'Pacasmayo', 1, 1, 'ALMICAR TORRES 331 - PACASMAYO'),
(511158, 'ROJAS ESPINO WILMAN', 'Pacasmayo', 0, 1, 'SILVASANTISTEBAN 426 PACASMAYO P.ALTA'),
(511318, 'VALDERRAMA VELASQUEZ LALY ROXANA', 'Pesqueda', 1, 1, 'AV.CAMINO REAL MZ.16 LT.41 LA RINCONADA'),
(511391, 'QUISPE VIGO SOCORRO CELIA', 'Arévalo', 0, 1, 'MZ.E LT.11 SEC.ALAN GARCIA LA ESPERANZA P.BAJA'),
(511658, 'VITERI  BRICEÑO ROSA YABEL', 'La Esperanza', 0, 1, 'MARCO DEL PONT 1996'),
(511677, 'CUEVA BEJARANO LINDA ESMERALDA', 'Pesqueda', 0, 1, 'ESQ ZAFIROS C/CESAR VALLEJO KIOSKO'),
(511697, 'VELASQUEZ DE LOZANO MARIA RENEE', 'San Andres', 0, 1, 'AV AMERICA SUR 4350'),
(511732, 'LEON ROMERO CEFERINO', 'San Andres', 1, 1, 'CAL. SANTA EULALIA MZ. Y LT. 21'),
(511754, 'GARCIA CALIPUY JULIA CRISTINA', 'Pesqueda', 1, 1, 'CAL. LOS ESPINOS MZ. A LT. 3  - COST DE MIÑANO'),
(511758, 'LAVADO DE TACANGA LUISA ELENA', 'Pesqueda', 1, 1, 'MZ 16 LT 49 LOS DIAMANTES LA RINCONADA'),
(511792, 'CACHIQUE CACHIQUE ROMER', 'San Andres', 0, 1, 'MZ.P LT.19 STA.CLARA LA MERCED'),
(512068, 'VILLAJULCA RAMIREZ SANTOS TEODORA', 'Pesqueda', 1, 1, 'MZ.D LT.15 PROLG.LOS ZAFIROS LA RINCONADA'),
(512163, 'COSAVALENTE MOSTACERO SEGUNDO VICENTE', 'La Esperanza', 1, 1, 'GIRARDOT 1778 PARTE BAJA LA ESPERANZA'),
(512367, 'RODRIGUEZ VARGAS BERTHA BEATRIZ', 'Pesqueda', 1, 1, 'PROLONG.ZAFIROS MZ.22D LT.6 LA RINCONADA'),
(512865, 'TOLEDO JAVES DE GAMARRA DOLORES', 'Covicorti', 0, 1, 'MZ.C1 LT.3 COVICORTI'),
(512868, 'QUISPE DE URBINA ANITA ANITA OLINDA', 'Covicorti', 1, 1, 'MZ.G1 LT.8 COVICORTI AV.AMERICA OESTE'),
(512870, 'JARA BACA ROXANA', 'Covicorti', 0, 1, 'MZ.G LT.7 - URB.TRUPAL'),
(512900, 'RAMIREZ PAREDES JULIO WILFREDO', 'Pacasmayo', 0, 1, 'R.PALMA 57 PACASMAYO FACH P.CALLAO'),
(513016, 'REGALADO GORDON DE LOPEZ  MARGOT', 'La Esperanza', 1, 1, 'JERUSALEN 121 LA ESPERANZA'),
(513035, 'ALVA ZAVALETA RICARDO', 'San Andres', 0, 1, 'MZ.O LT.20 URB.LA MERCED'),
(513128, 'MEDINA DE MONCADA ZOILA GEORGINA', 'Pacasmayo', 0, 1, 'NICOLAS DE PIEROLA 906 - PACASMAYO'),
(513130, 'QUIÑE DE MEDINA CARMEN ROSA', 'Pacasmayo', 0, 1, 'NICOLAS DE PIEROLA 44 - PACASMAYO'),
(513217, 'MEDINA ACOSTA LUIS HUMBERTO', 'Pacasmayo', 0, 1, 'ALMIRCAR TORRES 355 PACASMAYO'),
(513409, 'VASQUEZ RODRIGUEZ MARIA ELVIS', 'Arévalo', 0, 1, 'MZ.B38 LT.23 MANUEL AREVALO III ETP.'),
(513413, 'NARRO DE MENDOZA MARTHA', 'La Esperanza', 0, 1, 'CONDORCANQUI 2115 LA ESPERANZA'),
(513473, 'HARO VELASQUEZ BERILDA HILDA', 'Covicorti', 0, 1, 'MZ.F1 LT.21 UB.COVICORTI'),
(515674, 'RUIZ REAÑO JORGE AUGUSTO', 'Pacasmayo', 0, 1, 'SILVA SANTIESTEBAN 388 PACASMAYO'),
(515813, 'FLORES TANDAYPAN NANCY NATIVIDAD', 'Pesqueda', 1, 1, 'LAS PONCIANAS 837 URB.LA RINCONADA'),
(516059, 'CERQUIN CHOLAN  BLANCA', 'Arévalo', 1, 1, 'MZ.A26 LT.19 M.AREVALO III ET.'),
(516086, 'ROJAS CAMACHO DE MATSUDA MILAGROS VICTORIA', 'Covicorti', 0, 1, 'MDO. COVICORTI PTO. 15'),
(516140, 'OSPINO QUIROZ IRIS ELVA', 'Covicorti', 0, 1, 'MZ.R P LT.31 URB.COVICORTI'),
(516298, 'ESCOBAR POLO HUBERSON ROSMEL', 'Pesqueda', 0, 1, 'CAL.LAS TUNAS MZA. C1 LOTE. 1 URB. LAS CAUSUARINAS'),
(516367, 'REYES DE TELLO URSULA BERNABITA', 'Covicorti', 1, 1, 'MZ.Q P LT.10B COVICORTI'),
(516387, 'OTINIANO DE LA CRUZ FORTUNATA', 'Pesqueda', 0, 1, 'AV.5 ABRIL MZ.4 LT.38 SECTOR 3 PESQUEDA'),
(516461, 'QUILCATE CERNA CILDA HAYDEE', 'Pacasmayo', 0, 1, 'AV.MARISCAL CACERES 24 PACASMAYO'),
(516490, 'RIVERA CALDERON NICSON JOE', 'San Andres', 1, 1, 'PTO.23 MDO.OV.PAPAL URB.SAN ANDRES'),
(516746, 'VEGA ASPIROS ROCIO DEL PILAR', 'Arévalo', 0, 1, 'MZ.A34 LT.44 M.AREVALO III ETP.'),
(516860, 'NAVIO CHUMPISUCA MARIA GABINA', 'San Andres', 1, 1, 'AV. AMERICA SUR # 4464  - FTE KIOSKO PERIODICO'),
(517112, 'RUIZ CEDANO VERONICA CORINA', 'Pesqueda', 1, 1, 'MZ.21 LT.32 LAS JADEITAS(ESPALDA CA.DIAMANTES)RINCONADA'),
(517377, 'ZEGARRA ALVARADO PILAR CHARITO', 'La Esperanza', 0, 1, 'PSJ.STA.VERONICA 199(A 1CDA.POLICLINICO DE LA ESPERANZA)'),
(517379, 'BAZAN CABELLOS YSABEL DEL CARMEN', 'San Andres', 0, 1, 'AV.JUAN PABLO II 335 URB.SAN ANDRES'),
(517942, 'YOVERA NORIEGA YOVANNA NOELIA', 'Pacasmayo', 1, 1, 'ENRIQUE VALENZUELA # 290'),
(518072, 'LEIVA SALAS TERESA MARIBEL', 'La Esperanza', 0, 1, 'CAL.LOS LAURELES NRO. 707'),
(518073, 'LINEAN ABANTO ARMANDINA AMALIA', 'Arévalo', 0, 1, 'MZ.O LT.13 A.A.HH.ALAN GARCIA LA ESPERANZA PTE.BAJA'),
(518212, 'TAPIA DIAZ DORA MERCEDES', 'Pacasmayo', 0, 1, 'AV.RAYMONDI 168 EL PORVENIR PACASMAYO'),
(518263, 'GUEVARA VARGAS HYLDA OTILIA', 'Arévalo', 1, 1, 'MZ.G LT.37 A.H.ALAN GARCIA LA ESPERANZA P.BAJA'),
(518450, 'ACEVEDO LAVADO MARIA ANUNCIACION', 'Pesqueda', 0, 1, 'AV.LOS ESPINOS MZ.28 LT.51 PESQUEDA SEC.1'),
(518540, 'AVILA PAREDES SONIA YSABEL', 'Arévalo', 1, 1, 'MZ.A-28 LT.46 M.AREVALO III ET.'),
(518667, 'LOZANO TORRES SONIA YULIZA', 'Arévalo', 0, 1, 'MZ.E LT.19 SECT.ALAN GARCIA LA ESPERANZA PTE.BAJA'),
(518856, 'MARREROS BERNALES LUZ EDITH', 'Covicorti', 1, 1, 'MZ.F P LT.20  UB.COVICORTI'),
(518934, 'SIPIRAN VALERA MILAGROS DEL PILAR', 'Arévalo', 1, 1, 'MZ.A LT.38 SEC.ALAN GARCIA(POR CAHUIDE) LA ESPERANZA P.BAJA'),
(519249, 'ZAMORA SALCEDO MANUELA MARINA', 'La Esperanza', 0, 1, 'SAN LUCAS 179 LA ESPERANZA P.BAJA'),
(519627, 'GARCIA SANCHEZ MARIA ELENA', 'La Esperanza', 0, 1, 'JR. JOSE ANTONIO GALAN # 1893  LA ESPERANZA'),
(520163, 'MENDOZA CALDAS LILIANA MANUELA', 'Pacasmayo', 0, 1, 'JR.LADISLAO ESPINAR  235  PACASMAYO'),
(520280, 'GALLOSO QUEPQUE SARA AUXILIA', 'Pesqueda', 1, 1, 'MZ. 7 LT. 12 AAHH PESQUEDA III'),
(520351, 'VASQUEZ REYES PROSPERO JUAN', 'La Esperanza', 0, 1, '25 DE DICIEMBRE # 196'),
(520369, 'HORNA SANCHEZ  ROSA MERCEDES', 'Pesqueda', 0, 1, 'MZA. 8 LOTE. 06 A.H. PESQUEDA'),
(520511, 'LA ROSA VARELA VANESSA CRISTINA', 'Pesqueda', 1, 1, 'MZA. 54 LOTE. 9 URB. LA RINCONADA'),
(520573, 'CASTRO HARO RUBEN', 'La Esperanza', 0, 1, 'CAL. 6 DE ENERO # 106  JERUSALEM'),
(520649, 'COMERCIALIZADORA FIDEKASH S.A.C.', 'San Andres', 0, 1, 'AV. AMERICA SUR NRO. 4124 URB. SAN ANDRES'),
(521444, 'SANCHEZ SICCHA ADELA ALBINA', 'Pesqueda', 0, 1, 'MZ.19 LT.4 CA.LOS DIAMANTES LA RINCONADA'),
(521512, 'COMERCIAL PALACIOS E.I.R.L.', 'Covicorti', 0, 1, 'MZ. X LT. 22 URB. COVICORTI'),
(521612, 'LA ROSA PINEDO LUZ ASTENIA', 'Covicorti', 0, 1, 'MZ. C P LT. 24  COVICORTI'),
(521653, 'VALVERDE ROSAS SONIA IRENE', 'Covicorti', 1, 1, 'MDO. NVO. COVICORTI PTO. 1'),
(521687, 'COTRINA VEGA NELIDA', 'La Esperanza', 0, 1, 'CAL. JOAQUIN OLMEDO NRO. 254 A.H. LA VERONICA'),
(521747, 'LEYVA SANCHEZ VDA.DE DIAZ ELVA MARGARITA', 'San Andres', 0, 1, 'AV.AMERICA SUR #4226 URB.SAN ANDRES'),
(522070, 'ODA OLGUIN RUBY SONIA', 'San Andres', 1, 1, 'AV. JUAN PABLO # 391 URB. SAN ANDRES'),
(522224, 'CALDERON VALDEZ SEGUNDO MIGUEL', 'San Andres', 0, 1, 'CAL. STA.RITA MZ. J LT. 10 URB. LA MERCED'),
(522780, 'MEDINA VELASQUEZ ERNESTO MANUEL', 'San Andres', 0, 1, 'AV. AMERICA SUR # 4042 URB. SAN ANDRES III ETAPA'),
(522913, 'LLANOS SAUCEDO JUAN ENRIQUE', 'San Andres', 0, 1, 'CAL. MARTINEZ DE COMPAÑON # 604 URB. SAN ANDRES'),
(523011, 'JIMENEZ GALLARDO MARITZA ELIZABETH', 'La Esperanza', 0, 1, 'CAL. J.ANTONIO GALAN # 1880 P.J. LA ESPERANZA'),
(523204, 'MUÑOZ SANCHEZ JOSE BALTAZAR', 'La Esperanza', 0, 1, 'AV. EGIPTO # 764  ESP.P.BAJA BAGUETERIA KEFER'),
(523255, 'NARRO CUSQUICIBAN SANTOS AMBROCIO', 'La Esperanza', 0, 1, 'AV. EGIPTO # 955 P.J. LA ESPERANZA'),
(523566, 'ZAMORA CHAVEZ CESAR IVAN', 'Covicorti', 0, 1, 'MZ. M P LT. 24  COVICORTI'),
(523620, 'SANTOS CIPRIANO BENILDE', 'Pesqueda', 0, 1, 'CAL. LOS AGUANOS MZ. 73 LT. 3 URB. LA RINCONADA'),
(523626, 'CASTILLO VASQUEZ DE CARRERA ROSA RUFINA', 'Pacasmayo', 0, 1, 'CAL. ANTONIO RAYMONDI # 450  EL PORVENIR PACASMAYO'),
(523650, 'BERNARDO BUSTOS MACEDONIA MARGARITA', 'Pesqueda', 0, 1, 'AV. PESQUEDA MZ. 32 LT. 21 URB. LA RINCONADA'),
(523975, 'HERRERA SEVILLANO DE PEREZ ESTEFANIA', 'Covicorti', 0, 1, 'MZ. F  P LT. 37  COVICORTI  - SOLO CONTADO'),
(524036, 'NUÑEZ GIL DE RIVASPLATA AMELIA ROJANA', 'Arévalo', 1, 1, 'MZ. Ñ LT. 3 AAHH ALAN GARCIA FTE.LOZA DEPORTIVA TRIANGULO  - SOLO CONTADO.'),
(524037, 'CHUQUILIN DE MALCA MARIA YSABEL', 'La Esperanza', 0, 1, 'CAL. LIMA # 597  ESPERANZA BAJA ESP.ESTADIO  - SOLO CONTADO'),
(524135, 'GUERRERO CHANG CYNTHIA BEBELU', 'Covicorti', 0, 1, 'NVO. MDO. COVICORTI PTO. 8  - SOLO CONTADO'),
(524187, 'VENTURA AVILA CATALINA', 'La Esperanza', 0, 1, 'CAL. MANUEL HEREDIA-ESP BAJA # 1155  - SOLO CONTADO'),
(524245, 'ALFARO GUTIERREZ BERSABE AMABLE', 'Covicorti', 0, 1, 'NVO. MDO. COVICORTI PTO. 18'),
(524282, 'CALDERON NOVOA LIDIA DORIS', 'La Esperanza', 0, 1, 'CAL. 25 DE DICIEMBRE # 116'),
(524289, 'ALVARADO JIMENEZ  ROSA AMANDA', 'Covicorti', 0, 1, 'MZ. R1 LT. 5 URB. COVICORTI'),
(524528, 'QUIROZ CHAVEZ VERONICA ELIZABEL', 'Pacasmayo', 1, 1, 'CAL. SAN MARTIN # 146  - PACASMAYO'),
(524536, 'ALVARADO BLAS DAMIAN', 'Covicorti', 1, 1, 'MZ. Q LT. 13 URB. COVICORTI'),
(524618, 'VARAS EUSTAQUIO BETY FAUSTA', 'San Andres', 1, 1, 'MDO. OVALO PAPAL PTO. 9'),
(524730, 'LEON ESQUIVEL LUISA CLOTILDE', 'La Esperanza', 0, 1, 'MARCO DEL PONT # 2012'),
(524899, 'ASTO CUEVA JUANA ROSA', 'Pesqueda', 1, 1, 'LAS TUNAS MZ. 22-C LT. 6  NUEVA RINCONADA'),
(524958, 'LEYVA DE ROMERO BLANCA FANY', 'La Esperanza', 1, 1, 'EL CAIRO # 1171'),
(524974, 'LOPEZ RODRIGUEZ JULIANA BEATRIZ', 'Pesqueda', 0, 1, 'CAL. LAS OBSIDIANAS MZ. 21 LT. 18'),
(524984, 'MUDARRA JAIME SEGUNDO EUGENIO', 'Pesqueda', 1, 1, 'AV. 5 DE ABRIL MZ. L LT. 1'),
(524985, 'RODRIGUEZ GONZALEZ ROSA', 'Pesqueda', 1, 1, 'AV. 5 DE ABRIL MZ. 12 LT. 10'),
(525014, 'MONZON TAKUDA JULIA NANCY', 'San Andres', 0, 1, 'CA.DEAN SAAVEDRA 320 INT.A URB.SAN ANDRES'),
(525023, 'RISCO CULQUITANTE RAQUEL', 'Arévalo', 0, 1, 'MZ. V LT. 1 AAHH VILLA HERMOSA'),
(525027, 'GUEVARA NINAQUISPE PAULINA ELVIRA', 'Arévalo', 0, 1, 'AV. 14 DE AGOSTO # F INT. 5  VILLA HUANCHACO'),
(525028, 'BEJARANO PELAEZ TERESA', 'Arévalo', 1, 1, 'MZ. J LT. 13  VILLA HUANCHACO'),
(525034, 'YONG INUMA EVELYN RUBI', 'Arévalo', 1, 1, 'MZ. L LT. 23  VILLA HUANCHACO'),
(525098, 'ROSAS POLO MARIA ELIZABETH', 'Arévalo', 1, 1, 'MZ. R LT. 4 AAHH VILLA HERMOSA  - CONTADO'),
(525100, 'LEON LEON FLORA EDELMINA', 'Arévalo', 0, 1, 'VILLA HUANCHACO MZ. I LT. 5'),
(525106, 'HEREDIA CARRASCO ELVIRA ELCIRA', 'Arévalo', 1, 1, 'CAL. MILAGROS MZ. D LT. 21 AAHH VILLA HERMOSA'),
(525117, 'LOPEZ DE SALAZAR HILDA TERESA', 'La Esperanza', 0, 1, 'MARCO DEL PONT # 2096'),
(525193, 'PREVIOS LARCO CAR S.A.C.', 'San Andres', 1, 1, 'AV. VICTOR LARCO N° URB. LA MERCED'),
(525198, 'CASTRO DE CELIZ MODESTA CRECENCIA', 'Arévalo', 1, 1, 'AV. CAHUIDE MZ. A LT. 29 AAHH ALAN GARCIA'),
(525201, 'RAVELO DE JIMENEZ BERTHA', 'Arévalo', 1, 1, 'MZ. G LT. 15 AAHH ALAN GARCIA'),
(525202, 'GUTIERREZ BACILIO ROSA MERY', 'Arévalo', 0, 1, 'MZ. B39 LT. 22 URB. MANUEL AREVALO III ETAPA'),
(525227, 'VARGAS BUENO NORMA', 'La Esperanza', 0, 1, 'JR. LIMA # 781  - FRENTE DE LA PUERTA DEL POLICLINICO'),
(525232, 'LUJAN GARCIA NELA JANETTH', 'Pesqueda', 0, 1, 'LAS JADEITAS MZ. A-1 LT. 31 URB. LA RINCONADA  - SOLO CONTADO'),
(525238, 'GUTIERREZ ALFARO BERLI MILHEY', 'Pesqueda', 1, 1, 'AV. 5 DE ABRIL # 151  SEC 1 PESQUEDA'),
(525266, 'RUBY MARILIN RUIZ NUÑEZ', 'Arévalo', 1, 1, 'MZ. B LT. 21 AAHH ALAN GARCIA'),
(525289, 'ALAYO QUISPE LUCY ANARDELY', 'Pesqueda', 0, 1, 'LOS TORNILLOS MZ. 4 LT. 18 URB. LA RINCONADA'),
(525314, 'BARTRA MIRANDA OSWALDO RAFAEL', 'Arévalo', 1, 1, 'MZ. B39 LT. 18  MANUEL AREVALO III ETAPA'),
(525332, 'LLANOS VARELA GIOVANI MARGOTH', 'Arévalo', 1, 1, 'MZ. B LT. 6  SECTOR VILLA HERMOSA'),
(525352, 'SALDAÑA NAVARRETE AGUSTINA', 'Arévalo', 1, 1, 'MZ. A24 LT. 16  MANUEL AREVALO 3ETAPA'),
(525384, 'ÑIQUE ZAVALETA MARCIAL RICHARD', 'San Andres', 1, 1, 'CAL. FRANCISCO SOLANO # 402 URB. SAN ANDRES I'),
(525389, 'RODRIGUEZ CASTILLO MARIA ROSA', 'Arévalo', 0, 1, 'MZ. A20 LT. 23  MANUEL AREVALO III ETAPA'),
(525453, 'GUZMAN VASQUEZ MIYE ESTHER', 'Arévalo', 0, 1, '3ETAPA MANUEL AREVALO MZ. A21 LT. 3'),
(525476, 'MEDINA GUZMAN MARIELA INGRID', 'Pesqueda', 0, 1, 'CAL. CASUARINAS MZ. 22 LT. 13'),
(525484, 'NIQUIN ARAUJO ROSA', 'Pesqueda', 0, 1, 'AV. 5 DE ABRIL MZ. 4 LT. 19  PESQUEDA  - COST DE POSTA MEDICA'),
(525783, 'RODRIGUEZ ZAVALETA JUSBILA NEYDA', 'Pesqueda', 0, 1, 'CAL. LOS PINOS MZ. 25A LT. 29 URB. LA RINCONADA'),
(525787, 'HUACCHA LULICHAC ISIDRO', 'Pacasmayo', 0, 1, 'JR. LADISLAO ESPINAR # 206'),
(525914, 'VERASTEGUI FERNANDEZ LUCY', 'Arévalo', 0, 1, 'MZ. G LT. 13  SCT. VILLA HERMOSA'),
(525932, 'ALCANTARA DE CERNA ILSA FABIOLA', 'La Esperanza', 0, 1, 'JR. LOS OLIVOS # 124'),
(525988, 'DE LA CRUZ  MANTILLA TEODULO', 'Covicorti', 1, 1, 'MZ. A1 LT. 39 URB. COVICORTI  - CODIGO ANTERIOR (507333)'),
(526014, 'UNTOL ALCANTARA MARIA ELVIRA', 'San Andres', 1, 1, 'AV. JESUS DE NAZARETH # 365 URB. SAN ANDRES'),
(526042, 'ARENAS RAMOS KIMBERLYN ODETH', 'San Andres', 1, 1, 'CAL. MARCELO CORNE # 313 INT. 1 URB. SAN ANDRES'),
(526279, 'SANCHEZ RAMIREZ DEISSY MARIANELA', 'Pacasmayo', 0, 1, 'CAL. SAN MARTIN # 148  PACASMAYO'),
(526692, 'GUEVARA REYES JENNY LAURA', 'Arévalo', 1, 1, 'MZ. B38 LT. 37 URB. MANUEL AREVALO III ETAPA'),
(526693, 'JULCA POMA GEOVANNY DEL ROCIO', 'Arévalo', 1, 1, 'MZ. H LT. 14  VIA HUANCHACO'),
(526694, 'TANANTA GARCIA HIDA', 'Arévalo', 1, 1, 'MZ. U LT. 20  VILLA HERMOSA'),
(526695, 'HUERTAS LOZADA EPOLINARIO', 'Arévalo', 1, 1, 'MZ. Ñ LT. 15  ALAN GARCIA  - FTE. PARQ. EL TRIANGULO'),
(526717, 'MIRANDA DIAZ NANCY CONCEPCION', 'San Andres', 1, 1, 'CAL. MARCELO CORNE # 141 URB. SAN ANDRES I ETAPA'),
(526740, 'ATOCHE VILLALOBOS JESICA ISABEL', 'La Esperanza', 0, 1, 'CAL. MARCO DEL PONT # 1921 AAHH LA VERONICA'),
(526745, 'CABRERA ENRIQUEZ DE LOPEZ IRENE MARTHA', 'La Esperanza', 1, 1, 'BARDALES # 822'),
(526845, 'ARIAS MASA SABINA VALENTINA', 'Pacasmayo', 0, 1, 'ALFONSO UGARTE # 293  SEC. EL PORVENIR'),
(527463, 'ENRIQUEZ PEREZ DALILA DE LA ASENSION', 'Pacasmayo', 1, 1, 'JR. SANTIESTEBAN # 299 MZ. N LT. 34  PACASMAYO'),
(527466, 'PORTALES DE CORDOVA MARIA ISABEL', 'Pacasmayo', 0, 1, 'JR. LOS GIRASOLES MZ. S LT. 33'),
(527467, 'MEDINA CASTRO SAVINA MELANIA', 'Pacasmayo', 0, 1, 'AV. BENJAMIN CAUSMAN MZ. X LT. 21  EL PORVENIR'),
(527469, 'ESPINOZA DE LINGAN MARIA SALOME', 'Pacasmayo', 0, 1, 'CAL. LAS MARGARITAS MZ. U LT. 17  EL PORVENIR'),
(527470, 'MENDOZA GUEVARA DIANA MARGARITA', 'Pacasmayo', 0, 1, 'PJ.JOSE GALVEZ MZ.F LT.04 URB.EL PORVENIR'),
(527471, 'GUTIERREZ ORDOÑEZ LUCIA JANNET', 'Pacasmayo', 1, 1, 'CAL. M. PARADO DE BELLIDO MZ. N LT. 6  - FRT A LOZA DEPORT'),
(527472, 'HUARIPATA LLANOS MARIA ELIZABETH', 'Pacasmayo', 1, 1, 'CAL.GIRASOLES MZ.S LT.32 URB.EL PORVENIR'),
(527526, 'LIÑER DE NIETO MARIA JUSTINA', 'Pesqueda', 1, 1, 'CAL. LAS PONCIANAS # 739 URB. LA RINCONADA'),
(527543, 'BELTRAN RODRIGUEZ LUISA', 'Arévalo', 0, 1, 'MZ. A26 LT. 33  MANUEL AREVALO'),
(527577, 'JARA DOMINGUEZ ELIAS', 'Pesqueda', 0, 1, 'LOS ESPINOS MZ. 28 LT. 62  P.J. PESQUEDA 1'),
(527585, 'GARCIA SANCHEZ DE VERASTEGUI ROSABEL', 'Pacasmayo', 0, 1, 'CAL.BENJAMIN KAUFFMAN MZ.N LT.5 URB.EL PORVENIR'),
(527627, 'VASQUEZ LEZAMA GLORIA ANGELICA', 'Pacasmayo', 1, 1, 'AV. PABLO CESPEDES MZ. N LT. 21'),
(527656, 'ESPINOLA RUBIO BERENICE', 'Pesqueda', 1, 1, 'CAL. LAS ESMERALDAS # 152 MZ. 23 LT. 6 URB. LA RINCONADA'),
(527840, 'MUÑOZ FLORIANO DARWIN RICARDO', 'Arévalo', 1, 1, 'MZ. Q LT. 13 AAHH VILLA HUANCHACO  - CAMB RAZ SOC COD ANT 525206'),
(527903, 'ROJAS SANCHEZ CLARA ELIZABETH', 'La Esperanza', 0, 1, 'SAN LUCAS 170 LA ESPERANZA'),
(528601, 'CASTILLO HONORIO MARIA ELIZABETH', 'Arévalo', 1, 1, 'MZ. A-21 LT. 47 URB. MANUEL AREVALO III ETAPA'),
(528672, 'GUEVARA ESQUIVEL ALDO HILDER', 'Pesqueda', 1, 1, 'AV. 05 DE ABRIL MZ.19 LT.16 A.H.PESQUEDA SEC1 SAN FCO'),
(528677, 'PASTOR CABRERA SANTOS MATILDE', 'Pesqueda', 0, 1, 'MZ. G LT. 4  SANTA SOFIA-SECT. 1 - PESQUEDA'),
(528696, 'PLASENCIA DEZA MAURA FELICINDA', 'Arévalo', 1, 1, 'MZ. A26 LT. 12  MANUEL AREVALO'),
(528800, 'SALAZAR AGUILAR MOISES', 'Arévalo', 1, 1, 'MZ. B38 LT. 40 URB. MANUEL AREVALO III ETAPA'),
(528913, 'SANCHEZ PRETELL MARIA ELIZABETH', 'Pacasmayo', 0, 1, 'CAL. LAS ORQUIDEAS MZ. E LT. 22  SEC. EL PORVENIR'),
(528939, 'CARNICERIA Y MINIMARK S.A.C.', 'San Andres', 1, 1, 'AV.AMERICA SUR 4472 INT.10 URB. SAN ANDRES'),
(528994, 'MORALES CASTAÑEDA MARLI ROSANA', 'San Andres', 0, 1, 'MDO. OVALO PAPAL PTO. 12  FTE.PTO.CARNES'),
(529031, 'CABAÑAS DE YONG MARTHA', 'Pacasmayo', 1, 1, 'CAL. LADISLAO ESPINAR # 269'),
(529273, 'CABRERA VERGARA MARIA ANA MELVA', 'Pesqueda', 0, 1, 'AV. LOS AGUANOS MZ. 69 LT. 47'),
(529280, 'VERA ROSARIO ANGELLA GISELLA', 'Pacasmayo', 0, 1, 'AV. FRANCISCO APONTE MZ. E LT. 18  EL PORVENIR'),
(529281, 'MESTANZA PEREZ LUZ ESTILITA', 'Arévalo', 0, 1, 'MANUEL AREVALO MZ. A24 LT. 14'),
(529343, 'COTRINA ARANA MARGARITA ELIZABETH', 'Pacasmayo', 0, 1, 'CAL. SAN JUAN MZ. W LT. 04 AAHH CRUCE EL MILAGRO'),
(529345, 'CORREA CUEVA ROSA EDUVINA', 'Pacasmayo', 0, 1, 'AV. EL MILAGRO MZ. R LT. 8 AAHH CRUCE EL MILAGRO'),
(529347, 'MENDOZA CORREA MABEL', 'Pacasmayo', 0, 1, 'AV. EL MILAGRO MZ. E P LT. 6 AAHH CRUCE EL MILAGRO'),
(529348, 'CHIMBOR HERNANDEZ MANUEL', 'Pacasmayo', 1, 1, 'CAL. SAN PABLO MZ. S LT. 1 AAHH CRUCE EL MILAGRO'),
(529349, 'GUTIERREZ NUÑEZ DAGNISA', 'Pacasmayo', 1, 1, 'CAL. SANTO TORIBIO MZ. LL LT. 19 AAHH CRUCE EL MILAGRO'),
(529361, 'CHUQUIRUNA ROJAS DALILIA', 'San Andres', 0, 1, 'MDO. OVALO OPAL PTO. 9'),
(529395, 'PAREDES BALLENA MARTIN HUMBERTO', 'San Andres', 0, 1, 'CAL. MARCELO CORNE # 230 URB. SAN ANDRES I ETAPA'),
(529427, 'COBEÑAS DE CASTAÑEDA ESPERANZA', 'Pacasmayo', 1, 1, 'AV. EL MILAGRO MZ. R LT. 10  - PACASMAYO EL MILAGRO'),
(529429, 'MENDOZA YOVERA MARIA ESTHER', 'Pacasmayo', 1, 1, 'CAL. SANTO TORIBIO CON AV EL MILAGRO  - FTE PLAZA'),
(529480, 'MENDOZA YOVERA LUZ MARLENE', 'Pacasmayo', 0, 1, 'CALL.SAN PABLO-CRUSE PACASMAYO MZ. Ñ LT. 11'),
(529547, 'TUFINIO PRETEL OLGA ROSA', 'Pacasmayo', 1, 1, 'MZ. S LT. 16 AAHH CRUCE EL MILAGRO'),
(529621, 'INVERSIONES MALIZ EI.R.L.', 'La Esperanza', 0, 1, 'CAL. SAN PABLO 119 SEC. JERUSALEN LA ESPERANZA'),
(529641, 'ABANTO BURGOS JOSE PASCUAL', 'La Esperanza', 1, 1, 'JR. LOS REYES # 198'),
(529683, 'ARROYO GALLOSO ESTEBAN JORGE', 'Covicorti', 0, 1, 'MZA. D LOTE. 7 URB. TRUPAL'),
(529687, 'VILLANUEVA POLO SILVIA GLADIS', 'Covicorti', 0, 1, 'MDO. NUEVO COVICORTI PTO. 5'),
(529807, 'IBAÑEZ SANDOVAL LETICIA PAOLA', 'Pesqueda', 0, 1, 'CAL. LAS JADEITAS MZ. 21 LT. 38'),
(529825, 'SANCHEZ PRETEL ARACELLY ELIZABETH', 'Pacasmayo', 0, 1, 'CAL. SAN MARCOS MZ. H-PRI LT. 1  CRUCE EL MILAGRO'),
(529872, 'VICENTE CAMPOVERDE CRISALIDA', 'Pacasmayo', 0, 1, 'CAL. SAN MARCOS MZ. D LT. 5  CRUCE EL MILAGRO'),
(529873, 'MELENDREZ ARIAS MILAGRITOS DEL PILAR', 'Pacasmayo', 0, 1, 'AV. VALENZUELA # 440  PACASMAYO'),
(530055, 'TEJADA REVILLA MARIA YOLANDA', 'Pacasmayo', 1, 1, 'MZ. H LT. 30  CRUCE EL MILAGRO  - (COSTDE VULC FRANCO)'),
(530076, 'MALCA DE SANTILLAN NELIDA', 'Pacasmayo', 0, 1, 'PJ. SAN ANDRES CRUCE EL MILAGRO MZ. R LT. 13'),
(530183, 'VALENCIA YUPANQUI RUTH MONICA', 'San Andres', 1, 1, 'CAL. SANTA MARTHA MZA. H LOTE. 18 URB. LA MERCED'),
(530207, 'DAVILA MENDOZA JACQUELINE', 'Covicorti', 1, 1, 'CAL. BANGKOK MZ.F LT.4 URB.TRUPAL'),
(530219, 'PAREDES LEYVA NIRIA JANETT', 'La Esperanza', 1, 1, 'CA.LOS OLIVOS 113 SEC. JERUSALEM  LA ESPERANZA'),
(530229, 'VALENCIA PLACIDO ROSA BERTHA', 'Pesqueda', 0, 1, 'PRL. ZAFIROS MZ. B LT. 4  - LA RINCONADA'),
(530249, 'SALCEDO RAMIREZ NERIDA MABEL', 'Covicorti', 1, 1, 'MDO. NVO. COVICORTI PTO. 15'),
(530297, 'LEZAMA TELLO AMADA ESTHER', 'Pacasmayo', 0, 1, 'MZA. L LOTE. 25 A.H. CRUCE EL MILAGRO'),
(530368, 'COBEÑAS AYALA MARIA ROSA', 'Arévalo', 0, 1, 'AV. CAHUIDE MZA. A LOTE. 24 A.H. ALAN GARCIA'),
(530643, 'OLGUIN CRUZADO VALDEMAR JESUS', 'San Andres', 0, 1, 'CAL. J.M DE COMPAÑON NRO. 444 URB. SAN ANDRES'),
(530682, 'VILLAR CARRANZA LUISA CINTHIA', 'San Andres', 1, 1, 'CAL. MARTINEZ DE COMPAGÑON # 780 URB. SAN ANDRES III ET.'),
(530714, 'MURGA DELGADO TERESA LUCIA', 'Pacasmayo', 1, 1, 'CAL. SAN PABLO MZ. T LT. 6  CRUCE EL MILAGRO'),
(530730, 'ARAUJO VARGAS ROSA MARGARITA', 'La Esperanza', 0, 1, 'CAL. MARCO DEL PONT NRO. 2020 A.H. LA VERONICA'),
(530901, 'ORTIZ CABRERA ELIZABETH MAGDALENA', 'San Andres', 1, 1, 'CAL. LOS PETALOS # 175 URB. LOS ROSALES DE SAN ANDRES'),
(530970, 'SALAS MURGA  IRMA MARCELINA', 'Pesqueda', 0, 1, 'CAL. LATIMERA MZA. A LOTE. 4 SEC. SANTA SOFIA II'),
(531015, 'CINTHYA LIZETH CORDOVA YOVERA', 'Pacasmayo', 0, 1, 'AV. FRANCISCO APONTE MZA. S P LOTE. 35 URB. EL PORV'),
(531203, 'SIGUENZA POLO SANTOS MARIA', 'La Esperanza', 0, 1, 'CAL. CAHUIDE MZ. Q LT. 50'),
(531242, 'VILLAVICENCIO PEREZ NANCY ELIZABETH', 'Covicorti', 0, 1, 'MZ. R1 LT. 37 URB. COVICORTI'),
(531254, 'QUISPE NAZARIO EDILBERTO RANULFO', 'Pacasmayo', 0, 1, 'JR. LADISLAO ESPINAR  190 PACASMAYO'),
(531298, 'RIVERA SANCHEZ HIPOLITO', 'Arévalo', 1, 1, 'VILLA HUANCHACO MZ. LL LT. 7'),
(531331, 'GAMBOA TORRES BRIGIDA BERIDIANA', 'Arévalo', 0, 1, 'CAL. VILLA HERMOSA MZ. B LT. 4  ESPERANZA P.B.'),
(531342, 'CARRIL DE CHANG MAGDA RUTH', 'Covicorti', 0, 1, 'MZ. E LT. 16-B  COVICORTI'),
(531362, 'DELGADO EVANGELISTA FLOR MARIBEL', 'Pesqueda', 0, 1, 'CAL. LAS CALIFAS MZ. 72 LT. 5'),
(531404, 'MAQUEN YOCTUN CARMELA', 'Covicorti', 0, 1, 'MDO. COVICORTI PTO. 42'),
(531478, 'TERAN CHAVARRI  DE MIÑANO MARIA ESTHER', 'Pacasmayo', 1, 1, 'CAL. ANCASH # 220  - CON NICOLAS DE PIERO'),
(531487, 'VEGA DE HONORES MARIA DEL PILAR', 'Covicorti', 1, 1, 'MZA. K LOTE. 10 URB. CAPULLANAS'),
(531495, 'ALFARO BALLENA CARMEN ROSA', 'San Andres', 1, 1, 'PJ. LOS CISNES # 109 URB. LOS PINOS'),
(531503, 'OTINIANO TANDAYPAN EDITA ISABEL', 'La Esperanza', 0, 1, 'AV. EGIPTO NRO. 955 A.H. LA VERONICA'),
(531505, 'CABRERA MARCELO AMELIA', 'Pesqueda', 0, 1, 'LAS CASUARINAS MZ. B LT. 11  - LA RINCONADA'),
(531532, 'SICHE ROBLES MARYLIN EULALIA', 'Covicorti', 0, 1, 'CAL. ESTOCOLMO MZA. C LOTE. 09 URB. TRUPAL'),
(531546, 'ABANTO DE URQUIZA MARIA SALOME', 'La Esperanza', 0, 1, 'CAL. MANUEL HEREDIA NRO. 671 A.H. SANTA VERONICA'),
(531805, 'DIAZ CHUQUIRUNA ALDO ANDRES', 'La Esperanza', 1, 1, 'CAL. JOAQUIN OLMEDO # 558  - FRTE IGLESIA MORMOM'),
(531883, 'GONZALES REYES EDITH FLOR', 'Pacasmayo', 1, 1, 'AV. FRANCISCO APONTEMZA. S P LOTE. 34 URB. EL PORVE'),
(531889, 'ALVARADO CARRANZA WILSON EDER', 'Covicorti', 1, 1, 'C.V. COVICORTI MZ. H H LT. 27'),
(532098, 'QUIPUSCOA GONZALES ALEXANDER SEGUNDO', 'Covicorti', 0, 1, 'MDO. COVICORTI PTO. 59'),
(532420, 'MENDOZA JEREMIAS FANNY ESTHER', 'Covicorti', 1, 1, 'MZA. G LOTE. 40 URB. TRUPAL  - COD  ANT  508951'),
(532440, 'EUSTAQUIO AREDO  ELVA PACA', 'Pesqueda', 1, 1, 'MZA. Q LOTE. 14 A.H. SANTA SOFIA  - COD ANT 531878'),
(532510, 'AGUILAR OCAS MARIA ELENA', 'Pacasmayo', 0, 1, 'JR. SANTA CLARA MZ. H LT. 17  - EL MILAGRO'),
(532518, 'VICTILIANO JACOBO ABANTO CORREA', 'Pacasmayo', 1, 1, 'ANCASH NRO. 290 LA LIBERTAD  - COD ANT 520603'),
(532522, ' POLO MAURICIO MIRIAN YUVANY', 'Arévalo', 0, 1, 'MZ A 28 LT 57 MANUEL AREVALO III ETAPA'),
(532555, 'CASTILLO NUREÑA MARITZA HERLINDA', 'Arévalo', 0, 1, 'MZ. A34 LT. 34  - III ETAP DE MANUEL AREVALO'),
(532557, 'COTRINA FERNANDEZ MARIA SUSANA', 'Arévalo', 1, 1, 'MZA. U LOTE. 14 A.H. VILLA HERMOSA'),
(532574, 'VILCA FLORES ALBERT', 'San Andres', 1, 1, 'CAL. SANTO TORIBIO MOROBREJO # 364  - SAN ANDRES'),
(532757, ' LLACZA SANCHEZ ANA SOLEDAD', 'Pacasmayo', 0, 1, 'CAL. SANTA CLARA MZ. E LT. 10  - CRUZE EL MILAGRO'),
(532761, 'FACHIN VALLES FLORITH', 'Pacasmayo', 0, 1, 'CAL. JOSE MARIA EGUREN MZ. G LT. 4'),
(532786, 'FLORIAN SAAVEDRA MARILIA SOLANGE ROBERTINA', 'Pesqueda', 1, 1, '	PJ. 2 DE MAYO MZA. 18 LOTE. 1 A.H. PESQUEDA SEC.  - COD ANT 529451'),
(532837, 'VELASQUEZ DE LOPEZ ESMELDA', 'La Esperanza', 0, 1, 'CAL. SAN LUCAS # 176  - ESP . PARTE BAJA'),
(532860, 'MIRANDA GUTIERREZ HEMERITA', 'La Esperanza', 0, 1, 'CAL. LOS ROBLES # 125B  LA ESPERANZA P.BAJA'),
(532945, ' ROJAS SAROBIO ANA MARIA', 'Pesqueda', 1, 1, 'CAL. 5 DE ABRIL MZ. 25 LT. 6  - SECTOR 1'),
(532949, 'SAUCEDO ROMERO ANA JAQUELINE', 'Pacasmayo', 0, 1, 'CAL. SAN LUCAS MZ. V LT. 35  CRCE EL MILAGRO - FTE A LOZA'),
(532966, 'GUEVARA ZAVALETA SHEYLA JENNIFER', 'Pesqueda', 0, 1, 'CAL. LAS PERLAS MZ. 71 LT. 9'),
(532972, 'GARCIA SANCHEZ SANTOS ALVINA', 'Pacasmayo', 0, 1, 'CAL. LADISLAO ESPINAR # 461'),
(532994, 'ARBULU DE GUARNIZ  LAURA', 'Pacasmayo', 1, 1, 'CAL.CAHUIDE NRO. 450 URB. EL PORVENIR'),
(533012, 'GUARNIZ SANCHEZ SIXTO ISAAC', 'Pacasmayo', 0, 1, 'MZA. H LOTE. 14 A.H. CRUCE EL MILAGRO'),
(533107, 'LINGAN DE SALDAÑA OCTAVILA FLORES', 'Pacasmayo', 0, 1, 'MZ. M LT. 14  - EL PORVENIR'),
(533169, 'PINEDO SANCHEZ ADELA', 'Covicorti', 1, 1, 'MZA. R LOTE. 3 URB. COVICORTI'),
(533246, 'MELENDEZ ZAVALETA GLADYS AMABLE', 'Arévalo', 0, 1, 'MZ. A30 LT. 48  III ETAPA MANUEL AREVALO'),
(533279, 'MARIN ALCALDE ROGER WILSON', 'Arévalo', 0, 1, 'CAL. CAHUIDE MZ. A LT. 28'),
(533286, 'JIMENEZ AVALOS HILDA EMERITA', 'Covicorti', 0, 1, 'MZ. R LT. 5 URB. COVICORTI'),
(533314, 'MENDOZA JEREMIAS MARIA TERESA', 'Covicorti', 1, 1, 'CAL. TRUPAL MZ. C LT. 4'),
(533423, 'VILLEGAS GAITAN MIRIAN MERCEDES', 'Arévalo', 1, 1, 'MZ. 29 LT. 9  - MANUEL AREVALO IIIETAP'),
(533495, 'CARRERA MOSTACERO MARIA OCTAVILA', 'Pacasmayo', 0, 1, 'AV. CAHUIDE # 418'),
(533580, 'CALDERON DE BENAVIDES BLANCA SADOT', 'San Andres', 0, 1, 'CAL.SANTA BEATRIZ  INT. 38 URB.LA MERCED  MINI.GONZALO'),
(533715, 'RIOS ORUNA EVITA ADELI', 'Pesqueda', 1, 1, 'CASUARINAS MZ. A LT. 19 URB. LA RINCONADA'),
(533720, 'CHILON TEJADA MARIA FRANCISCA', 'Pacasmayo', 0, 1, 'CAL. SAN JUAN MZ. V LT. 8  REF. CRUCE EL MILAGRO'),
(533731, 'RENGIFO BAZAN GIOVANNA DEL PILAR', 'Arévalo', 1, 1, 'MZ. A-21 LT. 35  MANUEL AREVALO  - 3 ETAPA'),
(533733, 'COTRINA CHAVEZ TEODOLINDA ELIZABETH', 'Arévalo', 0, 1, 'VILLA HERMOSA MZ. F LT. 48  -REF.COST. COL. FE Y ALEGRIA'),
(533737, 'RIOS BARRIGA SUSY KARINA', 'Covicorti', 0, 1, 'TRUPAL MZ. A LT. 9  COVICORTI'),
(533740, 'MEDINA MENDOZA JESUS MARTIN', 'Covicorti', 0, 1, 'MZA. K LOTE. 11 SEC. NATASHA ALTA'),
(533743, 'LOO FLORES ELSA EDITH', 'San Andres', 0, 1, 'CAL. MARCELO CORNE # 230B  SAN ANDRES'),
(533760, 'ALVARADO QUISPE ANGELITA', 'Pesqueda', 1, 1, '5 DE ABRIL MZ. 26 LT. 4  PESQUEDA'),
(533778, 'SANCHEZ ESPINOZA DORALISA', 'Pacasmayo', 0, 1, 'CAL. SAN MARTIN # 148-B'),
(533779, 'GUEVARA ARAUJO HEYBI LUZ', 'Arévalo', 1, 1, 'MZ. A-21 LT. 54  MANUEL AREVALO  - 3 ETAPA'),
(533935, 'GUTIERREZ PONCE OLINDA VERONICA', 'Arévalo', 0, 1, 'MZ. B-38 LT. 32 URB. MANUEL AREVALO III ETAPA'),
(533944, 'PIZAN ARAUJO ANTONIO', 'Pesqueda', 0, 1, '5 DE ABRIL MZ. 8 LT. 7  PESQUEDA'),
(533980, 'TELLO LLICAN DE ALFARO MARIA PAULA', 'Pacasmayo', 0, 1, 'AV. SAN ANTONIO MZ. L LT. 22'),
(534056, 'SAAVEDRA HIRATA MARISA ARACELA', 'San Andres', 0, 1, 'MZ. X LT. 18 URB. LA MERCED'),
(534088, 'SAMANA PAZ GAHUDY YELITZA', 'Arévalo', 0, 1, 'MZ. A-22 LT. 56 URB. MANUEL AREVALO III ETAPA'),
(534090, 'REYES VENTURA CINTIA YASMIN', 'Arévalo', 0, 1, 'AV. CAHUIDE MZ. Q LT. 48  - ALAN GARCIA'),
(534092, 'SOLANO CALDERON GRACIELA ELIZABETH', 'Covicorti', 0, 1, 'MZ. G LT. 21 URB. TRUPAL'),
(534100, 'HUAYLLA MUÑOZ BLANCA YSABEL', 'La Esperanza', 0, 1, 'CAL. EL CAIRO CDRA 1 - COLEGIO CRISTO REY  REF. KIOSKO'),
(534105, 'POLO SANTISTEBAN ANGEL JUAN', 'La Esperanza', 0, 1, 'MARCO DE PONT # 1818  REF. ESQ CALLE MENDOZA Y MARCO'),
(534106, 'VILLALBA CORDOVA LAURA GERALDINE', 'La Esperanza', 0, 1, 'MARCOS DEL PONT # 1866'),
(534112, 'NOMBERTO JARA PIERINA GISELL', 'Pacasmayo', 0, 1, 'CAL. FRANCISCO APONTE # 392'),
(534118, 'DUCLOS ESQUIVEL SUSANA ISABEL', 'Arévalo', 0, 1, 'AV. CAHUIDE MZ. M LT. 35'),
(534119, 'MENDOZA CALDERON DORIS MELINDA', 'Arévalo', 0, 1, 'AV. CAHUIDE MZ. A LT. 24'),
(534122, 'VILCA FLORES WALTER', 'San Andres', 0, 1, 'CAL. MARCELO CORNE # 395  - FACHADA AGUA CIELO'),
(534144, 'LAZARO NEIRA DORIA DOLI', 'Covicorti', 0, 1, 'MZA. E LOTE. 8 URB. COVICORTI  - COD ANT514353 LA E ES PRIMA'),
(534146, 'BLANCO ROJAS NELIDA VIRGINIA', 'La Esperanza', 1, 1, 'JOAQUIN OLMEDO # 453  LA ESPERANZA'),
(534152, 'PIEDRA LARA KARINA JULEYSI', 'Pacasmayo', 0, 1, 'CAL. SANTO TORIBIO MZ. N LT. 16  CRUCE EL MILAGRO'),
(534217, 'INVERSIONES Y SERVICIOS FLORENCE E.I.R.L', 'La Esperanza', 0, 1, 'AV. EGIPTO # 1014  ESPERANZA PARTE BAJA'),
(534252, 'URQUIAGA FLORIAN YUDY YANET', 'La Esperanza', 0, 1, '25 DE DICIEMBRE # 121'),
(534332, 'CORNEJO PLASENCIA BESSY RUTH', 'Pacasmayo', 0, 1, 'CAL. JOSE GALVEZ MZ. E LT. 30  - (N 167) EL POVERNIR'),
(534337, 'INVERSIONES & NEGOCIOS LA ECONOMIA E.I.R.L', 'Pacasmayo', 1, 1, 'AV. 28 DE JULIO # 128  PACASMAYO'),
(534340, 'ARAUJO ARANA MARIA MAGDALENA', 'Arévalo', 0, 1, 'MZ. A-30 LT. 3 URB. MANUEL AREVALO III ETAPA'),
(534357, 'CRUZ VERA ANGIE WINY TATIANA', 'La Esperanza', 0, 1, 'AV. CONDOCANQUI # 1799'),
(534361, 'ULLOA MUÑOZ EVA KATHERINE', 'Pesqueda', 0, 1, 'AV. 5 DE ABRIL MZ. 4 LT. 16  SECT. PESQUEDA 3ER SECT'),
(534362, 'VASQUEZ BLAS ANA ELIZABETH', 'Pesqueda', 0, 1, 'CAL. LOS ZAFIROS 543  - LA RINCONADA'),
(534366, 'AROCA RODRIGUEZ LUIS GIOVANNY', 'Pesqueda', 1, 1, 'MZ. 23 LT. 1 URB. LA RINCONADA  - FRTE A GRIF REPSOL'),
(534369, 'DAVILA PAZ MARIA CONCEPCION', 'Pacasmayo', 1, 1, 'AV. PANAMERICANA # 669  COST. GRIFO PRIMAX'),
(534371, 'VARAS PEREZ ROGER ESTEBAN', 'Pacasmayo', 1, 1, 'CAL. VALENZUELA 615'),
(534379, 'BERRU BELTRAN ROLANDO JAVIER', 'Arévalo', 1, 1, 'MZA. A32 LOTE. 2 URB. MANUEL AREVALO III'),
(534380, 'ARMAS COLLAVE ROGER ADRIAN', 'Arévalo', 1, 1, 'NRO. Ñ INT. 11 A.H. VILLA HERMOSA'),
(534381, 'VALVERDE ROSAS DE BOCANEGRA MARTHA ELIZA', 'Covicorti', 1, 1, 'MZ. X LT. 23 URB. COVICORTI'),
(534386, 'BRAVO ARIZA ZARELA', 'Covicorti', 0, 1, 'MZ. Y LT. 4 URB. COVICORTI'),
(534389, 'ALVA AQUINO SARA MARGARITA', 'Covicorti', 0, 1, 'MZ. Q LT. 26 URB. COVICORTI'),
(534390, 'ALARCON AVALOS GLICERIA SANTOS', 'Covicorti', 0, 1, 'CAL. 8 MZ. Q LT. 5 URB. COVICORTI'),
(534391, 'CASTAÑEDA MERINO DE IBAÑEZ JUANA ZELMIRA', 'San Andres', 1, 1, 'CAL. SANTA BEATRIZ MZ. P LT. 23 URB. LA MERCED'),
(534392, 'CASTILLO VASQUEZ ALCIRA ASTERIA', 'San Andres', 0, 1, 'MDO. OVALO PAPAL PTO. 06'),
(534393, 'RABANAL ZELADA DIOMEDES', 'San Andres', 0, 1, 'MZ. P LT. 4 URB. LOS PINOS'),
(534394, 'INVERSIONES DANDEN S.A.C.', 'San Andres', 0, 1, 'AV. FATIMA # 654 URB. LA MERCED'),
(534395, 'INVERSIONES LIDERPLAST L & M S.A.C.', 'San Andres', 0, 1, 'AV. HUSARES DE JUNIN # 1205 URB. LA ARBOLEDA'),
(534396, 'VILCA FLOREZ ALFREDO', 'San Andres', 0, 1, 'CAL.DEAN SAAVEDRA NRO. 256 URB. SAN ANDRES I'),
(534406, 'DE LA CRUZ LOPEZ MARCIANO MODESTO', 'La Esperanza', 1, 1, 'CAL. MARCO DEL PONT # 1831  SANTA VERONICA'),
(534408, 'BURGA DIAZ RAQUEL MARIA', 'La Esperanza', 0, 1, 'JR. SAPIOLA # 1767  LA ESPERANZA'),
(534413, 'RIVERA LOZANO ENMA TEOFILA', 'La Esperanza', 1, 1, 'CAL. 6 DE ENERO # 251  LA ESPERANZA'),
(534414, 'NORIEGA ALAYO CARMEN ROSA', 'La Esperanza', 0, 1, 'CAL. 6 DE ENERO # 165  SECT. JERUSALEM - LA ESPERANZA'),
(534416, 'GOMEZ AREDO HENRY JOEL', 'Pesqueda', 0, 1, 'AV. 5 DE ABRIL MZ. 25 LT. 5  SECT. PESQUEDA'),
(534420, 'LLAJARUNA VILLANUEVA TEOFILA', 'Pesqueda', 0, 1, 'CAL. LOS ESPINOS MZ. 60 LT. 23  REF COST AG INTERBANK'),
(534421, 'FIGUEROA CRIBILLERO JUAN DENISS', 'Pacasmayo', 0, 1, 'CAL. SAN LUCAS MZ. V LT. 36  - CRUCE EL MILAGRO'),
(534431, 'LEYVA DE CABANILLAS HERLINDA CONSUELO', 'Pacasmayo', 1, 1, 'AV. 28 DE JULIO # 80  PACASMAYO'),
(534442, 'ARMAS DIAZ FLOR DE MARIA', 'La Esperanza', 0, 1, 'EL CAIRO # 297  LA ESPERANZA'),
(534444, 'CONSORCIO CUZCO S.A.C.', 'La Esperanza', 0, 1, 'JR. SANTA MAGDALENA # 335  SECT. JERUSALEN - LA ESPERA'),
(534451, 'SILVESTRE DE MOYA ANGELA', 'Pesqueda', 0, 1, 'CAL.LOS PINOS MZA. 23 LOTE. 12 URB. LA RINCONADA'),
(534457, 'NOMBERTO DILAS JUANA MARIBEL', 'Pacasmayo', 1, 1, 'CAL. NICOLAS DE PIEROLA # 930  PACASMAYO'),
(534470, 'PLASENCIA SALDAÑA MARITZA MATUTINA', 'San Andres', 0, 1, 'CAR. PANAMERICANA NORTE KM # 558 INT. 6  HABILIT. LARREA'),
(534475, 'BRICEÑO MIRANDA ROSARIO DEL PILAR', 'La Esperanza', 0, 1, 'CAL. MANUEL HEREDIA # 613  SECT. SANTA VERONICA'),
(534476, 'PINTO GOZZER MARIE FRANCE', 'La Esperanza', 0, 1, 'MZ. 35 LT. 28  SECT. II WICHANZAO'),
(534477, 'JUAREZ REYES MARILI MAGDALENA', 'Pesqueda', 0, 1, 'AV. 5 DE ABRIL MZ. 8 LT. 2  SECT. PESQUEDA'),
(534484, 'SAAVEDRA DE CHACON ZORAIDA PAREDES', 'Pacasmayo', 0, 1, 'MZ. X LT. 5  CRUCE EL MILAGRO - PACASMAYO'),
(534497, ' ALAYO RODRIGUEZ JAIME ISAIAS', 'Arévalo', 0, 1, 'AREVALO III MZ. A35 LT. 55'),
(534498, 'LARA REYES VERONICA DEL ROSARIO', 'Arévalo', 0, 1, 'MZ. A35 LT. 54  - III ETEP AREVALALO'),
(534506, 'DEZA SIMON NATALIA', 'Covicorti', 0, 1, 'CAL. 14 MZ. X LT. 29 URB. COVICORTI'),
(534515, 'ZAVALETA URQUIAGA JOHANA JENESIS', 'La Esperanza', 0, 1, 'JR. SAN CRISTOBAL # 499  ESPERANZA'),
(534516, 'PRETEL LEON YDA LELI', 'La Esperanza', 0, 1, 'JR. ZAPIOLA # 1973-B  ESPERANZA'),
(534520, 'BOCANEGRA MORENO LIDIA TRINIDAD', 'Pesqueda', 0, 1, 'CAL. LOS SAUCES # 502  - LA RINCONADA'),
(534528, 'MENDOZA CABANILLAS ELSA MARIBEL', 'Pacasmayo', 0, 1, 'MZ. D LT. 18  - CAL.BENJAMIN CAUFMAN'),
(534539, 'MEDINA TUESTA CARLOS', 'Covicorti', 0, 1, 'MZA. E LOTE. 16 URB. COVICORTI (MERCADITO COVICORT'),
(534540, 'SANCHEZ DE LA TORRE  LUIS RICARDO', 'Covicorti', 0, 1, 'MZA. A LOTE. 6 URB. COVICORTI'),
(534541, ' DE LA CRUZ ALFARO JOSABETH NATALY', 'San Andres', 0, 1, 'PJ. LOS CISNES # 109'),
(534549, 'SALDAÑA ROMERO EDWIN JAVIER', 'La Esperanza', 0, 1, 'CAL. JOSE A. GALAN # 2055  PSJ  LA ESPERANZA'),
(534556, 'NARVAEZ ALAYO CARLOS EDGARD', 'Arévalo', 0, 1, 'MZ. A35 LT. 37  - AREVALO III ETAP'),
(534598, 'MULTISERVICIOS Y COMERCIALIZADORA COPY QUICK E.I.R.L', 'San Andres', 0, 1, 'AV. VICTOR LARCO # 1703 URB. CALIFORNIA'),
(534637, 'JULON CASTILLO ROSALIA', 'La Esperanza', 0, 1, 'CAL. CAHUIDE MZ. Q LT. 51  ALAN GARCIA - LA ESPERANZA'),
(534638, 'MORALES LEON SUSANA ENCARNACION', 'La Esperanza', 0, 1, 'CAL. LOS REYES # 270  LA ESPERANZA'),
(534643, 'ALAYO OBESO APARICIA', 'Pesqueda', 0, 1, '05 DE ABRIL MZ. 6 LT. 10  SECT. PESQUEDA'),
(534644, 'RAMOS AGREDA JUAN', 'Pesqueda', 0, 1, 'AV. 05 DE ABRIL MZ. 4 LT. 32  SECT. PESQUEDA'),
(534645, 'HENRIQUEZ BAZAN MEDALI ABIGAIL', 'Pesqueda', 0, 1, 'AV. 05 DE ABRIL MZ. 7 LT. 15  SECT. PESQUEDA'),
(534648, 'REYES LARA DIANA DEL PILAR', 'Pacasmayo', 0, 1, 'AV. MILAGRO MZ. V LT. 37  CRUCE EL MILAGRO'),
(534649, 'URCIA ZORRILLA ALICIA MARLENE', 'Pacasmayo', 0, 1, 'CAL. ALFONSO UGARTE MZ. H LT. 11  PORVENIR - PACASMAYO'),
(534667, 'BURGOS AVALOS STEFANY ALANIS', 'Pesqueda', 0, 1, 'CAL. AMAZONITAS MZ. 69 LT. 60 URB. LA RINCONADA'),
(534674, 'VILCHEZ AVILA ROSA VIOLETA', 'Covicorti', 0, 1, 'MZ. A LT. 34  - UR TRUPAL'),
(534675, ' RUBIO LUJAN MARIELLA ELIZABETH', 'Covicorti', 0, 1, 'MZ. D LT. 6  - URB TRUPAL'),
(534678, 'GADEA WONG ANYOLINA GUADALUPE', 'San Andres', 0, 1, 'CAL. LOS CISNES MZ. Q LT. 7  LA MERCED'),
(534682, ' DIAZ CRUZADO ESTEFANI YESENIA', 'La Esperanza', 0, 1, 'CAL.GARCILAZO DE LA VEGA # 348'),
(534685, 'GERVACIO MENDOZA YESLY ANTUANET', 'La Esperanza', 0, 1, 'CAL. GIRARDOT # 1736  - 1/2 CDR DE IGLESIA MORMON'),
(534697, 'HERNANDEZ POEMAPE MARIA LUCRECIA', 'Pacasmayo', 0, 1, 'PRL. 28 DE JULIO # 151  - FRTE A RAMON CASTILLA'),
(534710, 'PALACIOS LOZADA MARIA SOLEDAD', 'Covicorti', 0, 1, 'MDO. NVO COVICORTI PTO. 14'),
(534716, 'QUISPE CALDERON DE JAICO  FLORA', 'Pesqueda', 0, 1, 'AV. CAMINO REAL MZ. 32 LT. 20 URB. LA RINCONADA'),
(534722, 'ARRIBASPLATA ROJAS MELVA JORGELINA', 'Pacasmayo', 0, 1, 'CAL. CARRION # 85  PACASMAYO'),
(534723, 'CHAVEZ FACHE SARA HILDA', 'Pacasmayo', 0, 1, 'CAL. RICARDO PALMA # 759'),
(534726, 'HUARIPATA TARRILLO JUANA LEONOR', 'Pacasmayo', 0, 1, 'CAL. NICOLAS DE PIEROLA # 31'),
(534728, 'JAVIER OLANO ARLITA SARA', 'Pacasmayo', 0, 1, 'CAL. PROLONG. 28 DE JULIO # 380  PACASMAYO'),
(534729, 'SANCHEZ CASTILLO ALEX OMAR', 'Pacasmayo', 0, 1, 'CAL. PROLONG. 28 DE JULIO # 361  PACASMAYO'),
(534735, 'MOSTACERO VEGA ROCIO DEL PILAR', 'Arévalo', 0, 1, 'MZ. H LT. 1  - VILLA HUANCHACO'),
(534736, 'UZURIAGA JUSTO CONSTANTINA', 'Arévalo', 0, 1, 'MZ. MP LT. 1  - VILLA HUANCHACO'),
(534738, 'CARMONA ESCAMILO ROSALIA ROSMERY', 'Covicorti', 0, 1, 'MDO. MADERA PTO. 13 URB. COVICORTI'),
(534746, 'MANJARES DEL NORTE E.I.R.L.', 'San Andres', 0, 1, 'MZ. A LT. 16  COVICORTI'),
(534768, 'CASIANO MORENO YESSENIA DEL ROSARIO', 'Arévalo', 0, 1, 'MZ. I LT. 17  VILLA HUANCHACO'),
(534769, 'URQUIZO GABRIEL MARLENI AMPARO', 'Arévalo', 0, 1, 'MZ. T LT. 12  VILLA HERMOSA'),
(534793, 'ANTON PANTOJA NANCY ELIZABETH', 'Pacasmayo', 0, 1, 'CAL. REIMONDI # 405A'),
(534827, 'LEON DE SILVA ELSA ALAYO', 'Pacasmayo', 0, 1, 'CAL. PASTOR RIOS # 561  PORVENIR-PACASMAYO-ESP. SEGURO'),
(534873, 'CORREA CHUQUIPOMA ESTHER MAGALY', 'Pacasmayo', 0, 1, 'CAL. SAN PABLO MZ. S LT. 4  CRUCE EL MILAGRO'),
(534880, 'IZQUIERDO MALCA PASCUAL CASIMIRO', 'Pacasmayo', 0, 1, 'AV. VALENZUELA # 418  PORVENIR-PACASMAYO'),
(534883, 'RIVERA SANTOS KEYLA DANITZA', 'Arévalo', 0, 1, 'MZ. O LT. 25  SECT. ALAN GARCIA'),
(534893, 'VARGAS TORRES CARLOS ANTENOR', 'San Andres', 0, 1, 'MDO. OVALO PAPAL PTO. 11');

-- --------------------------------------------------------

--
-- Estructura de tabla para la tabla `detalle_meta`
--

CREATE TABLE `detalle_meta` (
  `producto_idPRODUCTO` int(11) NOT NULL,
  `producto_marca_idMARCA` varchar(45) NOT NULL,
  `meta_idMETA` int(11) NOT NULL,
  `Pedido_minimo` decimal(3,1) DEFAULT '1.0'
) ENGINE=InnoDB DEFAULT CHARSET=utf8;

--
-- Volcado de datos para la tabla `detalle_meta`
--

INSERT INTO `detalle_meta` (`producto_idPRODUCTO`, `producto_marca_idMARCA`, `meta_idMETA`, `Pedido_minimo`) VALUES
(16400, 'QUALA', 22, '1.0'),
(16401, 'QUALA', 22, '1.0'),
(16402, 'QUALA', 22, '1.0'),
(16410, 'QUALA', 22, '1.0'),
(16411, 'QUALA', 22, '1.0'),
(16420, 'QUALA', 22, '1.0'),
(16630, 'QUALA', 24, '1.0'),
(16631, 'QUALA', 24, '1.0'),
(16632, 'QUALA', 24, '1.0'),
(16633, 'QUALA', 24, '1.0'),
(16634, 'QUALA', 24, '1.0'),
(16635, 'QUALA', 24, '1.0'),
(16636, 'QUALA', 24, '1.0'),
(16637, 'QUALA', 24, '1.0'),
(16638, 'QUALA', 24, '1.0'),
(16641, 'QUALA', 24, '1.0'),
(16645, 'QUALA', 24, '1.0'),
(16951, 'QUALA', 23, '1.0'),
(16952, 'QUALA', 23, '1.0'),
(16956, 'QUALA', 23, '1.0'),
(16958, 'QUALA', 23, '1.0'),
(16959, 'QUALA', 23, '1.0'),
(16960, 'QUALA', 23, '1.0'),
(16961, 'QUALA', 23, '1.0'),
(16962, 'QUALA', 23, '1.0'),
(16963, 'QUALA', 23, '1.0'),
(16985, 'QUALA', 23, '1.0'),
(16986, 'QUALA', 23, '1.0'),
(16987, 'QUALA', 23, '1.0'),
(16990, 'QUALA', 23, '1.0'),
(16991, 'QUALA', 23, '1.0'),
(16992, 'QUALA', 23, '1.0'),
(16993, 'QUALA', 23, '1.0'),
(16994, 'QUALA', 23, '1.0'),
(16995, 'QUALA', 23, '1.0'),
(17150, 'QUALA', 22, '4.0'),
(17151, 'QUALA', 22, '4.0'),
(17152, 'QUALA', 22, '2.0'),
(17153, 'QUALA', 22, '2.0'),
(17154, 'QUALA', 22, '1.0'),
(17861, 'SANCELA', 20, '1.0'),
(18100, 'SANCELA', 20, '1.0'),
(18101, 'SANCELA', 19, '6.0'),
(18101, 'SANCELA', 20, '1.0'),
(18102, 'SANCELA', 20, '1.0'),
(18103, 'SANCELA', 20, '1.0'),
(18104, 'SANCELA', 18, '6.0'),
(18104, 'SANCELA', 20, '1.0'),
(18105, 'SANCELA', 20, '1.0'),
(18110, 'SANCELA', 20, '1.0'),
(18111, 'SANCELA', 20, '1.0'),
(18115, 'SANCELA', 20, '1.0'),
(18116, 'SANCELA', 20, '1.0'),
(18120, 'SANCELA', 20, '1.0'),
(18130, 'SANCELA', 20, '1.0'),
(18132, 'SANCELA', 20, '1.0'),
(18133, 'SANCELA', 20, '1.0'),
(18723, 'SANCELA', 18, '6.0'),
(18723, 'SANCELA', 20, '1.0'),
(18724, 'SANCELA', 20, '1.0'),
(18766, 'SANCELA', 20, '1.0'),
(18767, 'SANCELA', 20, '1.0'),
(18768, 'SANCELA', 20, '1.0'),
(34353, '', 25, '1.0'),
(34377, '', 25, '1.0'),
(34378, '', 25, '1.0'),
(34531, '', 25, '1.0'),
(34532, '', 25, '1.0'),
(54000, 'INTI', 13, '1.0'),
(54001, 'INTI', 13, '1.0'),
(54010, 'INTI', 14, '1.0'),
(54011, 'INTI', 14, '1.0'),
(55000, 'INTI', 15, '1.0'),
(55005, 'INTI', 16, '1.0'),
(77001, 'COLGATE', 6, '0.5'),
(77002, 'COLGATE', 6, '0.5'),
(77003, 'COLGATE', 6, '0.5'),
(77004, 'COLGATE', 6, '0.5'),
(77005, 'COLGATE', 6, '0.5'),
(77007, 'COLGATE', 6, '0.5'),
(77008, 'COLGATE', 6, '0.5'),
(77008, 'COLGATE', 7, '0.5'),
(77009, 'COLGATE', 6, '0.5'),
(77009, 'COLGATE', 7, '0.5'),
(77010, 'COLGATE', 6, '0.5'),
(77010, 'COLGATE', 7, '0.5'),
(77013, 'COLGATE', 6, '0.5'),
(77015, 'COLGATE', 6, '0.5'),
(77017, 'COLGATE', 6, '0.5'),
(77018, 'COLGATE', 6, '0.5'),
(77019, 'COLGATE', 6, '0.5'),
(77020, 'COLGATE', 6, '0.5'),
(77021, 'COLGATE', 6, '0.5'),
(78001, 'COLGATE', 8, '1.0'),
(78002, 'COLGATE', 8, '1.0'),
(78003, 'COLGATE', 8, '1.0'),
(78004, 'COLGATE', 8, '1.0'),
(78005, 'COLGATE', 8, '1.0'),
(83001, 'COLGATE', 9, '0.5'),
(83003, 'COLGATE', 9, '0.5'),
(83007, 'COLGATE', 9, '0.5'),
(83008, 'COLGATE', 9, '0.5'),
(83018, 'COLGATE', 9, '0.5'),
(83019, 'COLGATE', 9, '0.5'),
(84008, 'COLGATE', 12, '3.0'),
(84009, 'COLGATE', 12, '6.0'),
(84016, 'COLGATE', 12, '3.0'),
(84017, 'COLGATE', 12, '6.0'),
(87001, 'COLGATE', 7, '0.5'),
(87002, 'COLGATE', 10, '0.5'),
(87003, 'COLGATE', 11, '1.0'),
(87006, 'COLGATE', 11, '1.0'),
(103100, '', 17, '3.0'),
(103101, '', 17, '3.0'),
(131000, 'ADM', 21, '0.5'),
(131005, 'ADM', 21, '0.5'),
(131010, 'ADM', 21, '0.5'),
(131020, 'ADM', 21, '1.0'),
(131025, 'ADM', 21, '1.0'),
(131040, 'ADM', 21, '0.5'),
(131041, 'ADM', 21, '0.5'),
(131042, 'ADM', 21, '0.5'),
(131043, 'ADM', 21, '1.0');

-- --------------------------------------------------------

--
-- Estructura de tabla para la tabla `groups`
--

CREATE TABLE `groups` (
  `id` mediumint(8) UNSIGNED NOT NULL,
  `name` varchar(20) NOT NULL,
  `description` varchar(100) NOT NULL
) ENGINE=InnoDB DEFAULT CHARSET=utf8;

--
-- Volcado de datos para la tabla `groups`
--

INSERT INTO `groups` (`id`, `name`, `description`) VALUES
(1, 'admin', 'Administrator'),
(2, 'members', 'General User');

-- --------------------------------------------------------

--
-- Estructura de tabla para la tabla `marca`
--

CREATE TABLE `marca` (
  `idMARCA` varchar(45) NOT NULL,
  `Imagen` varchar(50) DEFAULT NULL
) ENGINE=InnoDB DEFAULT CHARSET=utf8;

--
-- Volcado de datos para la tabla `marca`
--

INSERT INTO `marca` (`idMARCA`, `Imagen`) VALUES
('', NULL),
('3M', NULL),
('ADM', ''),
('AJINOMOTO', NULL),
('COLGATE', NULL),
('HENKEL', NULL),
('INTI', NULL),
('INTRADEVCO', NULL),
('PROTISA', NULL),
('QUALA', NULL),
('QUIMICA SUIZA', ''),
('Reckitt Benckiser', NULL),
('SANCELA', NULL),
('VINIFAN', NULL);

-- --------------------------------------------------------

--
-- Estructura de tabla para la tabla `meta`
--

CREATE TABLE `meta` (
  `idMETA` int(11) NOT NULL,
  `Nombre` varchar(45) DEFAULT NULL,
  `Cobertura` int(11) DEFAULT NULL,
  `Monto` decimal(10,2) DEFAULT '0.00',
  `Volumen` int(11) DEFAULT NULL,
  `Incentivo` decimal(10,2) DEFAULT '0.00',
  `activo` tinyint(1) DEFAULT '1',
  `quincena` date DEFAULT NULL,
  `bonusQuincena` decimal(10,1) DEFAULT '0.0',
  `Mes` date DEFAULT NULL
) ENGINE=InnoDB DEFAULT CHARSET=utf8;

--
-- Volcado de datos para la tabla `meta`
--

INSERT INTO `meta` (`idMETA`, `Nombre`, `Cobertura`, `Monto`, `Volumen`, `Incentivo`, `activo`, `quincena`, `bonusQuincena`, `Mes`) VALUES
(6, 'CremasDentales', 0, '3793.00', 0, '150.00', 1, '0000-00-00', '0.0', '2017-06-01'),
(7, 'CD TACCION Cobertura', 60, '0.00', 0, '100.00', 1, '0000-00-00', '0.0', '2017-06-01'),
(8, 'Cepillos Cobertura', 50, '0.00', 0, '175.00', 1, '0000-00-00', '0.0', '2017-06-01'),
(9, 'Jabones 75gr Cobertura', 40, '0.00', 0, '150.00', 1, '0000-00-00', '0.0', '2017-06-01'),
(10, 'Desodorantes Cobertura', 40, '0.00', 0, '175.00', 1, '0000-00-00', '0.0', '2017-06-01'),
(11, 'Suav. Combitos', 40, '0.00', NULL, '0.00', 1, '0000-00-00', '0.0', '2017-06-01'),
(12, 'Suav. 210 y 430', 40, '0.00', NULL, '0.00', 1, '0000-00-00', '0.0', '2017-06-01'),
(13, 'Fósforo 40 luces', 30, '0.00', NULL, '0.00', 1, '0000-00-00', '0.0', '2017-06-01'),
(14, 'Fósforo 200 luces', 10, '0.00', NULL, '0.00', 1, '0000-00-00', '0.0', '2017-06-01'),
(15, 'Mondadientes', 20, '0.00', NULL, '0.00', 1, '0000-00-00', '0.0', '2017-06-01'),
(16, 'Brochetas', 50, '0.00', NULL, '0.00', 1, '0000-00-00', '0.0', '2017-06-01'),
(17, 'Nova', 50, '0.00', NULL, '0.00', 1, '0000-00-00', '0.0', '2017-06-01'),
(18, 'Nosotras Rapigel', 25, '0.00', NULL, '0.00', 1, '0000-00-00', '0.0', '2017-06-01'),
(19, 'Bs Noches', 40, '0.00', NULL, '0.00', 1, '0000-00-00', '0.0', '2017-06-01'),
(20, 'Todo Sancela', 120, '0.00', NULL, '0.00', 1, '0000-00-00', '0.0', '2017-06-01'),
(21, 'Aceites ADM', 70, '0.00', NULL, '0.00', 1, '0000-00-00', '0.0', '2017-06-01'),
(22, 'EGO', 30, '0.00', NULL, '0.00', 1, '0000-00-00', '0.0', '2017-06-01'),
(23, 'Savital', 60, '0.00', NULL, '0.00', 1, '0000-00-00', '0.0', '2017-06-01'),
(24, 'Bioexpert', 30, '0.00', NULL, '0.00', 1, '0000-00-00', '0.0', '2017-06-01'),
(25, 'Vanish', 40, '0.00', NULL, '0.00', 1, '0000-00-00', '0.0', '2017-06-01');

-- --------------------------------------------------------

--
-- Estructura de tabla para la tabla `producto`
--

CREATE TABLE `producto` (
  `idPRODUCTO` int(11) NOT NULL,
  `Nombre` varchar(60) DEFAULT NULL,
  `Activo` tinyint(1) DEFAULT '1',
  `Imagen` varchar(45) DEFAULT NULL,
  `marca_idMARCA` varchar(45) NOT NULL,
  `Precio` decimal(10,2) DEFAULT NULL,
  `UnidadDefecto` varchar(20) DEFAULT NULL,
  `UndXEmpaque` varchar(20) DEFAULT NULL
) ENGINE=InnoDB DEFAULT CHARSET=utf8;

--
-- Volcado de datos para la tabla `producto`
--

INSERT INTO `producto` (`idPRODUCTO`, `Nombre`, `Activo`, `Imagen`, `marca_idMARCA`, `Precio`, `UnidadDefecto`, `UndXEmpaque`) VALUES
(3, 'Papel Duo', 1, 'papel_duo', 'PROTISA', '20.80', NULL, NULL),
(4, 'Papel Celeste', 1, 'papel_celeste', 'PROTISA', '28.80', NULL, NULL),
(2400, 'FIDEOS SAN JORGE SPAGUETTI*PAQ*20UND*500GR', 1, '', '', '21.31', 'PAQ', '20'),
(2401, 'FIDEOS SAN JORGE TALLARIN*PAQ*20UND*500GR', 1, '', '', '21.31', 'PAQ', '20'),
(2402, 'FIDEOS SAN JORGE CAB.ANGEL*PAQ*40UND*250GR', 1, '', '', '21.31', 'PAQ', '40'),
(2403, 'FIDEOS SAN JORGE LET Y NUM*PAQ*20UND*250GR', 1, '', '', '10.66', 'PAQ', '20'),
(2404, 'FIDEOS SAN JORGE MACARRON*PAQ*20UND*250GR', 1, '', '', '10.66', 'PAQ', '20'),
(2405, 'FIDEOS SAN JORGE ARITO*PAQ*20UND*250GR', 1, '', '', '10.66', 'PAQ', '20'),
(2406, 'FIDEOS SAN JORGE CANUTO RAY*PAQ*20UND*250GR', 1, '', '', '10.66', 'PAQ', '20'),
(2407, 'FIDEOS SAN JORGE MUNICION*PAQ*20UND*250GR', 1, '', '', '10.66', 'PAQ', '20'),
(2408, 'FIDEOS SAN JORGE PLUMITA*PAQ*20UND*250GR', 1, '', 'VINIFAN', '10.66', 'PAQ', '20'),
(2409, 'FIDEOS SAN JORGE RIGATON*PAQ*20UND*250GR', 1, '', '', '10.66', 'PAQ', '20'),
(2410, 'FIDEOS SAN JORGE CARACOL*PAQ*20UND*250GR', 1, '', '', '10.66', 'PAQ', '20'),
(2411, 'FIDEOS SAN JORGE CODO RAY*PAQ*20UND*250GR', 1, '', '', '10.66', 'PAQ', '20'),
(2412, 'FIDEOS SAN JORGE TORNILLO*PAQ*20UND*250GR', 1, '', '', '10.66', 'PAQ', '20'),
(3046, 'AJINOSILLAO FCO.*280ML*3 UNDS.', 1, '', 'AJINOMOTO', '4.15', 'PAQ', '3'),
(3048, 'AJINOSILLAO*FCO*150ML* 6UND', 1, '', 'AJINOMOTO', '4.67', 'PCK', '6'),
(3050, 'AJINOSILLAO*FCO*500ML* 3UND', 1, '', 'AJINOMOTO', '6.48', 'PCK', '3'),
(3051, 'AJINOMOTO DELI ARROZ*TIRA*20SOB*12GR', 1, '', 'AJINOMOTO', '2.59', 'TIR', '20'),
(3052, 'AJINOSILLAO BOTELLA *1 LT.', 1, '', 'AJINOMOTO', '4.50', 'UND', '1'),
(3053, 'AJINOSILLAO BIDON * 5 LTS', 1, '', 'AJINOMOTO', '19.89', 'UND', '1'),
(3145, 'ABLANDA SAZON AJINOMIX TIR*10SOB*11GRM', 1, '', 'AJINOMOTO', '3.20', 'TIR', '10'),
(3201, 'CAJA AJINOSILLAO *48 FCO*280ML', 1, '', 'AJINOMOTO', '59.80', 'CJA', '48'),
(3202, 'CAJA AJINOSILLAO *96 FCO*150ML', 1, '', 'AJINOMOTO', '67.80', 'CJA', '96'),
(3203, 'CAJA AJINOSILLAO *24 FCO*500ML', 1, '', 'AJINOMOTO', '47.39', 'CJA', '24'),
(3205, 'CAJA AJINOSILLAO *12 BOT*1LT', 1, '', 'AJINOMOTO', '47.80', 'CJA', '12'),
(3206, 'CAJA AJINOSILLAO *4 BID.*5 LT', 1, '', 'AJINOMOTO', '71.19', 'CJA', '4'),
(3220, 'CAJA SAZON.CHIFA AJINO-MIX *48 TIRA*10SOB*12GR', 1, '', 'AJINOMOTO', '138.31', 'CJA', '48'),
(5086, 'ANGEL CHOCOZUCK *TIR*12UND*22GRM', 1, '', '', '3.54', 'TIR', '12'),
(5088, 'ANGEL FRUTT  TIRA * 12 * 22GR.ARITOS FRUTA', 1, '', '', '3.54', 'TIR', '12'),
(5090, 'ANGEL FLAKES TIRA*12*22 GR. HOJ.MAIZ', 1, '', '', '3.54', 'TIR', '12'),
(5091, 'ANGEL CHOCK TIRA*12*22GR .BOLITAS CHOC.', 1, '', '', '3.54', 'TIR', '12'),
(5092, 'ANGEL ZUCK TIRA*12* 22GR.HOJ.AZUCARADAS', 1, '', '', '3.54', 'TIR', '12'),
(5093, 'ANGEL MEL TIRA * 12 * 20GR.ARITOS MIEL', 1, '', '', '3.54', 'TIR', '12'),
(5094, 'ANGEL MAX    TIRA * 12 * 20GR.OSITOS CHOC.', 1, '', '', '3.54', 'TIR', '12'),
(5095, 'ANGEL ALFA&BETO TIRA*12* 22GR LETRAS MAIZ', 1, '', '', '3.54', 'TIR', '12'),
(5096, 'ANGEL FLAKES BOLS.* 150 GR HOJUELAS MAIZ', 1, '', '', '1.63', 'UND', '1'),
(5097, 'ANGEL ZUCK BOLS.*150GR HOJUELAS AZUC.', 1, '', '', '1.63', 'UND', '1'),
(5098, 'ANGEL MEL BOLS.* 140 GR.ARITOS MIEL', 1, '', '', '1.63', 'UND', '1'),
(5099, 'ANGEL CHOCK  BOLS.* 140 GR.BOLITAS CHOCOLATE', 1, '', '', '1.63', 'UND', '1'),
(5100, 'ANGEL MAX    BOLS.* 130 GR.OSITOS CHOCOLATE', 1, '', '', '1.50', 'UND', '1'),
(5101, 'ANGEL FIBRA BOLS*150 GR. INTEGRAL.SALVADO', 1, '', '', '1.69', 'UND', '1'),
(5103, 'ANGEL FRUTT  BOLS.* 140 GR.ARITOS FRUTA', 1, '', '', '1.63', 'UND', '1'),
(5105, 'ANGEL COPIX  BOLS.* 120 GR.CHOCOLATE', 1, '', '', '1.50', 'UND', '1'),
(5107, 'ANGEL ALFA&BETO BOLSA *140GR LETRAS MAIZ', 1, '', '', '1.63', 'BOL', '1'),
(5108, 'ANGEL CHOCOZUCK *BOL*150GRM', 1, '', '', '1.63', 'UND', '1'),
(5111, 'ANGEL COPIX  TIRA * 12 * 20GR CHOCOLATE', 1, '', '', '3.54', 'TIR', '12'),
(5120, 'ANGEL ALMOHADA PEPE    * TIRA * 12 * 18GR', 1, '', '', '3.37', 'TIR', '12'),
(5121, 'ANGEL ALMOHADA TITO * TIRA * 12 * 18GR', 1, '', '', '3.37', 'TIR', '12'),
(5122, 'ANGEL ALMOHADA FRESIA *TIRA* 12 * 18GR', 1, '', '', '3.37', 'TIR', '12'),
(5125, 'ANGEL ALMOHADA PEPE    * BOLS * 110 GR UN', 1, '', '', '1.63', 'UND', '1'),
(5126, 'ANGEL ALMOHADA TITO    * BOLS * 110 GR UND', 1, '', '', '1.63', 'UND', '1'),
(5127, 'ANGEL ALMOHADA FRESIA  * BOLS * 110 GR UND', 1, '', '', '1.63', 'UND', '1'),
(5147, 'ANGEL MAGIX ESTRELLITAS *BOL* 140 GRM', 1, '', '', '1.63', 'UND', '1'),
(5246, 'ANGEL FULL CHOCK  * BOL* 140GRM DISCO CHOC', 1, '', '', '1.63', 'BOL', '1'),
(5250, 'ANGEL BEBE DURAZNO*TIR*12UND*15GRM', 1, '', '', '3.54', 'TIR', '12'),
(5251, 'ANGEL BEBE VAINILLA*TIR*12UND*15GRM', 1, '', '', '3.54', 'TIR', '12'),
(5260, 'ANGEL BEBE DURAZNO*UND*75GRM', 1, '', '', '1.63', 'UND', '1'),
(5261, 'ANGEL BEBE VAINILLA*UND*75GRM', 1, '', '', '1.63', 'UND', '1'),
(5302, 'ANGEL COPIX *BOL*240GRM CHOCOLATE', 1, '', '', '3.18', 'BOL', '1'),
(6043, 'AJINOMOTO * 500 GR', 1, '', 'AJINOMOTO', '4.15', 'BOL', '1'),
(6044, 'AJINOMOTO * 1 KG.', 1, '', 'AJINOMOTO', '8.21', 'BOL', '1'),
(6049, 'AJINOMOTO*8GR*BOL*60SOB- 0.20.', 1, '', 'AJINOMOTO', '7.78', 'PAQ', '60'),
(6050, 'AJINOMOTO * 1.5GR *BOL*300SOB', 1, '', 'AJINOMOTO', '7.78', 'BOL', '300'),
(6051, 'AJINOMOTO NARANJA*BOL*54SOB* 13GR', 1, '', 'AJINOMOTO', '11.25', 'BOL', '54'),
(6052, 'AJINOMOTO*24GR*BOL*20SOB- 0.50', 1, '', 'AJINOMOTO', '6.92', 'BOL', '20'),
(6053, 'AJINOMOTO*52GR*BOL*20SOB- 1.00', 1, '', 'AJINOMOTO', '14.36', 'BOL', '20'),
(6054, 'AJINOMOTO * BOL* 20 SOB *100GR', 1, '', 'AJINOMOTO', '19.03', 'BOL', '20'),
(6055, 'AJINOMOTO FRASCO *DIS* 6UND*100GR', 1, '', 'AJINOMOTO', '13.49', 'CJA', '6'),
(6056, 'AJINOMOTO * 250GR', 1, '', 'AJINOMOTO', '2.16', 'BOL', '1'),
(6060, 'DOÑA GUSTA GALLINA*TIRA*20SOB*7GR', 1, '', '', '2.59', 'TIR', '20'),
(6061, 'DOÑA GUSTA CARNE  *TIRA*20SOB*7GR.', 1, '', '', '2.59', 'TIR', '20'),
(6062, 'DOÑA GUSTA PESC-MARISCO*20SOB*7GR', 1, '', '', '2.59', 'TIR', '20'),
(6064, 'AJINOMEN SOPA CAMARON  *6SOB*80GR', 1, '', 'AJINOMOTO', '4.15', 'PAQ', '6'),
(6066, 'AJINOMEN SOPA GALLINA*6SOB*80GR', 1, '', 'AJINOMOTO', '4.15', 'PAQ', '6'),
(6068, 'AJINOMEN SOPA ORIENTAL *6SOB*80GR', 1, '', 'AJINOMOTO', '4.15', 'PAQ', '6'),
(6084, 'AJINOMEN SOPA POLLO *6SOB*80GR', 1, '', 'AJINOMOTO', '4.15', 'PAQ', '6'),
(6086, 'DOÑA GUSTA COSTILLA *TIRA*20SOB*7GR.', 1, '', '', '2.59', 'TIR', '20'),
(6201, 'SACO AJINOMOTO *30 SOBRES*500GR', 1, '', 'AJINOMOTO', '116.95', 'BOL', '30'),
(6202, 'SACO AJINOMOTO *18 BOLSAS* 1KG', 1, '', 'AJINOMOTO', '137.29', 'BOL', '18'),
(6203, 'SACO AJINOMOTO *8GR *24 BOL*60SOB - 0.20', 1, '', 'AJINOMOTO', '172.88', 'BOL', '24'),
(6204, 'SACO AJINOMOTO *1.5GR *24 BOL*300 SOB', 1, '', 'AJINOMOTO', '172.88', 'BOL', '24'),
(6206, 'SACO AJINOMOTO *24GR *20 BOL*20SOB - 0.50', 1, '', 'AJINOMOTO', '128.81', 'BOL', '20'),
(6207, 'SACO AJINOMOTO*52GR *10 BOL*20SOB- 1.00', 1, '', 'AJINOMOTO', '135.59', 'BOL', '10'),
(6208, 'SACO AJINOMOTO *100GR *8 BOL* 20 SOB', 1, '', 'AJINOMOTO', '142.37', 'BOL', '8'),
(6210, 'SACO AJINOMOTO *250GR * 60 SOBRES', 1, '', 'AJINOMOTO', '122.03', 'BOL', '60'),
(6230, 'CAJA DOÑA GUSTA GALLINA*40TIRA* 20SOB*7GR', 1, '', '', '94.92', 'CJA', '40'),
(6231, 'CAJA DOÑA GUSTA CARNE *40TIRA*20SOB*7GR', 1, '', '', '94.92', 'CJA', '40'),
(6232, 'CAJA DOÑA GUSTA PESC-MARISCO *40TIRA*20SOB*7GR', 1, '', '', '94.92', 'CJA', '40'),
(7085, 'AJINOMEN POLLO C.VERDURAS*6SOB*80GR', 1, '', 'AJINOMOTO', '4.15', 'PAQ', '6'),
(7089, 'SAZONADOR CHIFA AJI-NO-MIX*10SOB*12GR', 1, '', '', '3.20', 'TIR', '10'),
(7096, 'AJI-NO-MIX CROCANTE X 3 SOB*96GR', 1, '', '', '3.11', 'PAQ', '3'),
(7110, 'SOPA LISTA AJI-NO-MEN POLLO(VASO)*67GRM', 1, '', '', '1.73', 'UND', '1'),
(7111, 'SOPA LISTA AJI-NO-MEN GALLINA(VASO)*67GRM', 1, '', '', '1.73', 'UND', '1'),
(7112, 'SOPA LISTA AJI-NO-MEN CARNE(VASO)*67GRM', 1, '', '', '1.73', 'UND', '1'),
(7202, 'CAJA AJINOMEN GALLINA CRIOLLA*24SB*80GR', 1, '', 'AJINOMOTO', '15.36', 'CJA', '24'),
(7203, 'CAJA AJINOMEN SOPA CAMARON *24SB*80GR', 1, '', 'AJINOMOTO', '15.36', 'CJA', '24'),
(7205, 'CAJA AJINOMEN SOPA GALLINA*24SB*80GR', 1, '', 'AJINOMOTO', '15.36', 'CJA', '24'),
(7206, 'CAJA AJINOMEN SOPA CARNE *24SB*80GR', 1, '', 'AJINOMOTO', '15.36', 'CJA', '24'),
(7207, 'CAJA AJINOMEN SOPA ORIENTAL *24SB*80GR', 1, '', 'AJINOMOTO', '15.36', 'CJA', '24'),
(7209, 'CAJA AJINOMEN SOPA POLLO *24SB*80GR', 1, '', 'AJINOMOTO', '15.36', 'CJA', '24'),
(7210, 'CAJA AJINOMEN SOPA POLLO C.VERDURAS*24SB*80GR', 1, '', 'AJINOMOTO', '15.36', 'CJA', '24'),
(7211, 'CAJA AJINOMEN SOPA GALLINA PICANTE *24SB*80GR', 1, '', 'AJINOMOTO', '15.36', 'CJA', '24'),
(7230, 'CAJA SOPA LISTA AJI-NO-MEN POLLO*12 VASO*67GRM', 1, '', '', '19.53', 'CJA', '12'),
(7231, 'CAJA SOPA LISTA AJI-NO-MEN GALLINA*12 VASO*67GRM', 1, '', '', '19.53', 'CJA', '12'),
(7232, 'CAJA SOPA LISTA AJI-NO-MEN CARNE*12 VASO*67GRM', 1, '', '', '19.53', 'CJA', '12'),
(8096, 'DURAZNOS MITADES CAMPERA*FCO*VIDRIO*700GR', 1, '', '', '6.03', 'UND', '1'),
(8550, 'FILETE ATUN DOÑA GUMI A.V*6UND*170 GR A.F', 1, '', '', '22.88', 'PCK', '6'),
(8551, 'TROZOS ATUN DOÑA GUMI A.V*6UND*170GRM A.F', 1, '', '', '21.37', 'PCK', '6'),
(8552, 'GRATED ATUN DOÑA GUMI A.V* 6UND*170GR A.F', 1, '', '', '12.54', 'PCK', '6'),
(8571, 'FILETE  ATUN D.GUMI *12*170 GR + 01 FILETE ATUN', 1, '', '', '45.77', 'DOC', '1'),
(10340, 'COCOA DOÑA GUMI X DISP X 25 SOBRES X 11 GR', 1, '', '', '9.32', 'DIS', '25'),
(10342, 'COCOA DOÑA GUMI X SOBRE X 160 GR', 1, '', '', '3.57', 'UND', '1'),
(10350, 'TABLETA P.TAZA DOÑA GUMI *DISP* 12UND X 90GR', 1, '', '', '12.53', 'DIS', '12'),
(13550, 'GELATINA ROYAL FRESA * UNID * 160GR', 1, '', '', '2.65', 'UND', '1'),
(13551, 'GELATINA  ROYAL NARANJA * UNID * 160GR', 1, '', '', '2.65', 'UND', '1'),
(13552, 'GELATINA ROYAL PIÑA  * UNID * 160GR', 1, '', '', '2.65', 'UND', '1'),
(13570, 'FLAN ROYAL VAINILLA * UNID * 80GR', 1, '', '', '1.53', 'UND', '1'),
(13571, 'MAZAMORRA MORADA ROYAL * 140GR', 1, '', '', '1.86', 'UND', '1'),
(13573, 'PUDIN ROYAL VAINILLA * 110G', 1, '', '', '2.11', 'UND', '1'),
(14001, 'CHICLETS ADAMS *DIS *100 UND.AMARILLO', 1, '', '', '8.53', 'DIS', '100'),
(14010, 'HALLS MENTO-LYPTUS    *BOL X\"100\" AZUL', 1, '', '', '6.44', 'BOL', '100'),
(14011, 'HALLS CHERRY-LYPTUS * BOL X\"100\" ROJO', 1, '', '', '6.44', 'BOL', '100'),
(14013, 'HALLS EXT-FUERTE *BOL X\"100\" NEGRO', 1, '', '', '6.44', 'BOL', '100'),
(14014, 'HALLS MORA AZUL *BOL X\"100\" MORADO', 1, '', '', '6.44', 'BOL', '100'),
(14015, 'HALLS BARRA MENTHO-LYPTUS X \"12\" AZUL', 1, '', '', '8.07', 'DIS', '12'),
(14016, 'HALLS BARRA CHERRY-LYPTUS X \"12\" ROJO', 1, '', '', '8.07', 'DIS', '12'),
(14030, 'CLORETS DISPLAY X 100 VERDE', 1, '', '', '8.68', 'DIS', '100'),
(14050, 'TRIDENT MENTA * DISPLAY X 18 AZUL', 1, '', '', '11.04', 'DIS', '18'),
(14052, 'TRIDENT MORA  * DISPLAY X 18 MORADO', 1, '', '', '11.04', 'DIS', '18'),
(14065, 'CLORETS MASTICABLE*DIS*20SOB*\"6\"VERDE', 1, '', '', '6.57', 'DIS', '20'),
(14120, 'CHICLET BANANA BUBBALOO*DIS*70UND', 1, '', '', '4.94', 'DIS', '70'),
(14121, 'CHICLET FRESA BUBBALOO*DIS*70UND', 1, '', '', '4.94', 'DIS', '70'),
(14125, 'CHICLET FRUTA BUBBALOO*DIS*70UND', 1, '', '', '4.94', 'DIS', '70'),
(14126, 'CHICLET CEREZA BUBBALOO*DIS*70UND', 1, '', '', '4.94', 'DIS', '32'),
(14127, 'CHICLET BUBBALOO ZOMBIE.VAMPIRO*DIS*70UND', 1, '', '', '4.94', 'DIS', '70'),
(14166, 'TRIDENT TROPICAL MIX *DISP X 18UND', 1, '', '', '11.04', 'DIS', '18'),
(14176, 'TRIDENT MENTA TI DISP*24 UND', 1, '', '', '7.20', 'DIS', '24'),
(14560, 'CHICLET BUBBALOO LOKO*DIS*50UND', 1, '', '', '3.53', 'DIS', '50'),
(14570, 'CHICLETS TRIDENT XFRESH M.AZUL*DIS*21UND', 1, '', '', '19.42', 'DIS', '21'),
(14628, 'CHICLETS TRIDENT PINK FUSION*DIS*18UND', 1, '', '', '11.04', 'DIS', '18'),
(14750, 'CHOCOLATE CUA CUA *DISP*30UND*18GR', 1, '', '', '13.10', 'DIS', '30'),
(14752, 'CHOCOLATE CUA CUA PACK *9* 18GR', 1, '', '', '3.87', 'DIS', '9'),
(14760, 'CHOCOLATE MINI CUA CUA*UND*42GR', 1, '', '', '0.86', 'UND', '1'),
(14767, 'DOÑA PEPA  *DISPLAY * 30 UND *23GR', 1, '', '', '13.10', 'DIS', '30'),
(14775, 'DOÑA PEPA *PACK * 6 * 23GR', 1, '', '', '2.60', 'PCK', '6'),
(14853, 'GELATINA PEQUE TEMBLEQUE *BOL*20 UND', 1, '', '', '2.49', 'BOL', '20'),
(15300, 'RITZ TACO *UND * 67GR', 1, '', '', '0.72', 'UND', '1'),
(15301, 'RITZ QUESO PACK * 6 * 34G', 1, '', '', '2.67', 'PCK', '6'),
(15305, 'RITZ *PACK*6UND*22.4GR', 1, '', '', '2.14', 'PCK', '6'),
(15306, 'MINI RITZ *UND*  * BOLSA* 50 GR', 1, '', '', '0.86', 'BOL', '1'),
(15331, 'CLUB SOCIAL QUESO*PACK*6UND*26GR', 1, '', '', '2.12', 'PCK', '6'),
(15340, 'CLUB SOCIAL ORIGINAL *PCK*6UND*26GR', 1, '', '', '2.12', 'PCK', '6'),
(15380, 'VAINILLA FIELD*PACK*6UND*37GR', 1, '', '', '2.69', 'PCK', '6'),
(15390, 'CREAM CRACKE FAM X PQT X 295 GR', 1, '', '', '2.58', 'UND', '1'),
(15393, 'HONY BRAN INTEGRAL MIEL PACK*9* 33GR', 1, '', '', '3.78', 'PCK', '9'),
(15402, 'OREO CHOCOLATE *PACK*6UND*36GR', 1, '', '', '2.63', 'PCK', '6'),
(15403, 'OREO ORIGINAL* PACK * 6 UND * 36 GR', 1, '', '', '2.63', 'PCK', '6'),
(15421, 'CHIPS AHOY ORIGINAL *PACK*6UND*45GR', 1, '', '', '5.15', 'PCK', '6'),
(15422, 'MINI CHIPS AHOY ORIGINAL*TIRA*6UND*50GR', 1, '', '', '5.15', 'TIR', '6'),
(15430, 'CHOKO TRAVESURAS *UND* 50GR', 1, '', '', '0.86', 'UND', '1'),
(15500, 'CHOKO SODA *PACK*6UND*39GR', 1, '', '', '3.08', 'PCK', '6'),
(15505, 'CORONITA SANDW.CHOCOLATE *PCK*6UND*38GR', 1, '', '', '2.53', 'PCK', '6'),
(16005, 'REAC.BONAWEL *CJA*24 DIS *40 SCH', 1, '', '', '335.59', 'CJA', '24'),
(16006, 'KONZIL CRM RINS*CJA*24DIS*40SCH', 1, '', '', '335.59', 'CJA', '24'),
(16008, 'REACOND.BONAWELL*DISPLAY* 40 SACH', 1, '', '', '13.78', 'DIS', '42'),
(16019, 'ENJ.KONZIL CREME RINSE *DIS*40', 1, '', '', '13.13', 'DIS', '42'),
(16029, 'SH.REV.PLACENTA CLASICO*500ML + 3AMP', 1, '', '', '16.31', 'DIS', '1'),
(16079, 'MLLZ.SH.+REAC. KONZIL REPARAC.DEFINITIVA*375ML', 1, '', '', '18.22', 'UND', '1'),
(16086, 'SH. KONZIL TODO TIPO*375ML + SH.*200 ML', 1, '', '', '11.08', 'UND', '1'),
(16087, 'ACOND. RINSE KONZIL T.TIPO*375 ML + SH.*200 ML', 1, '', '', '10.75', 'UND', '1'),
(16211, 'SH.REV.SILUETA PLUS*500+3AMPOLLAS', 1, '', '', '16.31', 'DIS', '1'),
(16212, 'REV.PLACENTA CLASICO*DS*12AMPOLLAS*15ML', 1, '', '', '21.82', 'DIS', '12'),
(16214, 'REV.PLACENTA PLUS*DS*12AMPOLLAS*15ML', 1, '', '', '21.82', 'DIS', '12'),
(16253, 'KONZIL CREMA PEINAR C.T-TIPO*FC*230ML', 1, '', '', '7.36', 'FCO', '1'),
(16261, 'OXIGENTA VITAL VOLUMEN 30 *UND*50MLL', 1, '', '', '2.58', 'UND', '1'),
(16265, 'IGORA POLVO DECOLOR.BLONDE*DIS*12*10GR', 1, '', '', '19.67', 'DIS', '12'),
(16267, 'COMBO:SH+ACOND BONAWELL C.SECO*375ML', 1, '', '', '16.70', 'PCK', '1'),
(16272, 'COMBO:SH+ACOND KONZIL C.LISO ASIATICO*375ML', 1, '', '', '18.22', 'PCK', '1'),
(16273, 'COMBO:SH+ACOND KONZIL T-TIP*375ML', 1, '', '', '18.22', 'PCK', '1'),
(16278, 'SH+AC KONZIL BRILLO MELLIZO*375MLL', 1, '', '', '18.22', 'PCK', '1'),
(16279, 'SH+AC KONZIL RENOVACION MELLIZO*375MLL', 1, '', '', '16.97', 'PCK', '1'),
(16356, 'SHAMPOO HIDRATACION PROFUNDA PERT*UND*400ML', 1, '', '', '8.47', 'UND', '1'),
(16357, 'SHAMPOO FUERZA KERATINA PERT*UND*400ML', 1, '', '', '8.47', 'UND', '1'),
(16358, 'CREMA P.ACEITE OLIVA PERT*UND*300MLL', 1, '', '', '7.53', 'UND', '1'),
(16359, 'CREMA P.FUERZA KERATINA PERT*UND*300MLL', 1, '', '', '7.53', 'UND', '1'),
(16375, 'SHAMPOO HIDRATACION PROFUNDA PERT*UND*700MLL', 1, '', '', '10.50', 'UND', '1'),
(16376, 'SHAMPOO FUERZA KERATINA PERT*UND*700MLL', 1, '', '', '10.50', 'UND', '1'),
(16377, 'SH.ACON. ACEITE OLIVA 2EN1 PERT*UND*700MLL', 1, '', '', '10.50', 'UND', '1'),
(16378, 'SHAMPOO FUSION FRUTAL PERT*UND*650ML', 1, '', '', '10.50', 'UND', '1'),
(16400, 'SHAMPOO EGO FUSION FRASCO X 230MLL(BLUE)', 1, '', 'QUALA', '8.73', 'FCO', '1'),
(16401, 'SHAMPOO EGO BLACK FRASCO X 230ML', 1, '', 'QUALA', '8.73', 'FCO', '1'),
(16402, 'SHAMPOO EGO FORCE FRASCO X 230 MLL(SILVER)', 1, '', 'QUALA', '8.73', 'FCO', '1'),
(16410, 'SHAMPOO EGO BLACK *FCO*400ML', 1, '', 'QUALA', '12.69', 'FCO', '1'),
(16411, 'SHAMPOO EGO FUSION*FCO*400ML', 1, '', 'QUALA', '12.69', 'FCO', '1'),
(16420, 'SHAMPOO EGO FOR MEN BLACK*TIR*2*10UND*12ML', 1, '', 'QUALA', '9.41', 'TIR', '20'),
(16470, 'SHAMPOO HIDRATANTE PERT*UND*400MLL', 1, '', '', '8.47', 'UND', '1'),
(16471, 'SHAMPOO CONTROL CAIDA PERT*UND*400MLL', 1, '', '', '8.47', 'UND', '1'),
(16472, 'SHAMPOO ACEITE OLIVA PERT*UND*400MLL', 1, '', '', '8.47', 'UND', '1'),
(16476, 'SHAMPOO FUSION FRUTAL PERT*UND*400ML', 1, '', '', '8.47', 'UND', '1'),
(16481, 'SHAMPOO CONTROL CAIDA PERT*UND*700MLL', 1, '', '', '10.50', 'UND', '1'),
(16482, 'SHAMPOO ACEITE OLIVA PERT*UND*700MLL', 1, '', '', '10.50', 'UND', '1'),
(16496, 'SHAMPOO KONZIL C.KERATINA*TIR*9UND*30MLL', 1, '', '', '4.51', 'TIR', '9'),
(16497, 'SH.2 EN 1 KONZIL C.KERATINA*TIR*9UND*30MLL', 1, '', '', '4.84', 'TIR', '9'),
(16630, 'SH.BIOEXPERT REPARACION*FCO*350MLL(SIN SAL)', 1, '', 'QUALA', '10.96', 'UND', '1'),
(16631, 'SH.BIOEXPERT HIDRATACION 2EN1*FCO*350MLL(SIN SAL)', 1, '', 'QUALA', '10.96', 'UND', '1'),
(16632, 'AC.BIOEXPERT REPARACION*FCO*350MLL(SIN SAL)', 1, '', 'QUALA', '10.96', 'UND', '1'),
(16633, 'SH.BIOEXPERT FORTALECIMIENTO*FCO*350MLL(SIN SAL)', 1, '', 'QUALA', '11.64', 'UND', '1'),
(16634, 'SH.BIOEXPERT NUTRICION*FCO*350MLL(SIN SAL)', 1, '', 'QUALA', '11.64', 'UND', '1'),
(16635, 'SH.BIOEXPERT C.CAIDA*FCO*350MLL(SIN SAL)', 1, '', 'QUALA', '11.64', 'UND', '1'),
(16636, 'AC.BIOEXPERT FORTALECIMIENTO*FCO*350MLL(SIN SAL)', 1, '', 'QUALA', '11.64', 'UND', '1'),
(16637, 'AC.BIOEXPERT NUTRICION*FCO*350MLL(SIN SAL)', 1, '', 'QUALA', '11.64', 'UND', '1'),
(16638, 'AC.BIOEXPERT C.CAIDA*FCO*350MLL(SIN SAL)', 1, '', 'QUALA', '11.64', 'UND', '1'),
(16641, 'SH.BIOEXPERT REPARACION*TIR*18UND*15MLL(SIN SAL)', 1, '', 'QUALA', '7.94', 'TIR', '18'),
(16645, 'C.PEINAR BIOEXPERT REPARACION*FCO*280MLL(SIN SAL)', 1, '', 'QUALA', '10.96', 'UND', '1'),
(16914, 'SHAMPOO AMMENS ORIGINAL  X 112 ML', 1, '', '', '4.45', 'UND', '1'),
(16951, 'SHAMPOO SABILA SAVITAL*TIR*18UND*27ML', 1, '', 'QUALA', '8.44', 'TIR', '18'),
(16952, 'ACOND. SABILA SAVITAL DIS *18UND*27ML', 1, '', 'QUALA', '8.44', 'DIS', '18'),
(16956, 'SHAMPOO SAVITAL BIOTINA Y SAB.*12UND*36ML', 1, '', 'QUALA', '8.31', 'TIR', '12'),
(16958, 'SHAMPOO PALTA Y SAB. SAVITAL*TIR*18UND*25ML', 1, '', 'QUALA', '8.44', 'TIR', '18'),
(16959, 'ACOND.PALTA Y SAB.SAVITAL DIS*18UND*25ML', 1, '', 'QUALA', '8.44', 'DIS', '18'),
(16960, 'SHAMPOO SABILA SAVITAL*FCO*530MLL', 1, '', 'QUALA', '9.45', 'FCO', '1'),
(16961, 'SHAMPOO SABILA Y MIEL SAVITAL*FCO*530MLL', 1, '', 'QUALA', '9.45', 'UND', '1'),
(16962, 'ACOND. SABILA SAVITAL*FCO*530MLL', 1, '', 'QUALA', '9.45', 'UND', '1'),
(16963, 'ACOND. SABILA Y MIEL SAVITAL*FCO*530ML', 1, '', 'QUALA', '9.45', 'UND', '1'),
(16970, 'CREMA PEINAR SABILA SAVITAL*FCO*275MLL', 1, '', 'QUALA', '7.23', 'UND', '1'),
(16971, 'CREMA PEINAR KERATINA SAVITAL*FCO*275ML', 1, '', 'QUALA', '7.23', 'UND', '1'),
(16972, 'CREMA PEINAR KERATINA SAVITAL*DIS*18UND*25ML', 1, '', 'QUALA', '8.44', 'DIS', '18'),
(16985, 'SHAMPOO SAVITAL KERATINA*TIR*18UND*25MLL', 1, '', 'QUALA', '8.44', 'TIR', '18'),
(16986, 'ACON. SAVITAL KERATINA*DISP*18UND*25MLL', 1, '', 'QUALA', '8.44', 'TIR', '18'),
(16987, 'SHAMPOO SAVITAL BIOTINA *TIR*18UND*25MLL', 1, '', 'QUALA', '8.44', 'TIR', '18'),
(16990, 'SHAMPOO PALTA Y SABILA SAVITAL*FCO*530MLL', 1, '', 'QUALA', '9.45', 'UND', '1'),
(16991, 'ACON. PALTA Y SABILA SAVITAL*FCO*530MLL', 1, '', 'QUALA', '9.45', 'UND', '1'),
(16992, 'SH. SAVITAL KERATINA Y SAB.*FCO*530MLL', 1, '', 'QUALA', '9.45', 'UND', '1'),
(16993, 'ACON. SAVITAL KERATINA Y SAB.*FCO*530MLL', 1, '', 'QUALA', '9.45', 'UND', '1'),
(16994, 'SH. SAVITAL BIOTINA Y SAB.*FCO*530MLL', 1, '', 'QUALA', '9.45', 'UND', '1'),
(16995, 'ACON. SAVITAL BIOTINA Y SAB.*FCO*530MLL', 1, '', 'QUALA', '9.45', 'UND', '1'),
(16997, 'CREMA PEINAR SAVITAL BIOTINA*FCO*275ML', 1, '', 'QUALA', '7.23', 'UND', '1'),
(17003, 'AMMENS JABON MILK *12*80GR', 1, '', '', '15.43', 'UND', '12'),
(17125, 'HOJA SCHIK SUPER CHROMIUM*10*3 UND.', 1, '', '', '12.49', 'UND', '10'),
(17150, 'GEL EGO EXTREME MAX*PTE*100GRM', 1, '', 'QUALA', '2.36', 'FCO', '1'),
(17151, 'GEL EGO FOR MEN BLACK COOL*PTE*100GRM', 1, '', 'QUALA', '2.36', 'FCO', '1'),
(17152, 'GEL EGO FOR MEN BLACK COOL*PTE*220GRM', 1, '', 'QUALA', '5.71', 'FCO', '1'),
(17153, 'GEL EGO EXTREME MAX*PTE*220GRM', 1, '', 'QUALA', '5.37', 'FCO', '1'),
(17154, 'GEL EGO FOR MEN BLACK COOL*PTE*505GRM', 1, '', 'QUALA', '8.78', 'UND', '1'),
(17260, 'DESOD.BALANCE HOMBRE*DISP*18UND*11.5GRM', 1, '', '', '8.25', 'DIS', '18'),
(17261, 'DESOD.BALANCE MUJER*TIR*18UND*11.5GRM', 1, '', '', '8.25', 'DIS', '18'),
(17262, 'DESOD.BALANCE ROLL ON HOMBRE*UND*50MLL', 1, '', '', '7.06', 'UND', '1'),
(17263, 'DESOD.BALANCE ROLL ON MUJER*UND*50MLL', 1, '', '', '7.06', 'UND', '1'),
(17264, 'DESOD.BALANCE CREMA HOMBRE*UND*55GRM', 1, '', '', '10.67', 'UND', '1'),
(17265, 'DESOD.BALANCE CREMA MUJER*UND*55GRM', 1, '', '', '10.67', 'UND', '1'),
(17266, 'DESOD.BALANCE AEROSOL HOMBRE*UND*175MLL', 1, '', '', '12.18', 'UND', '1'),
(17267, 'DESOD.BALANCE AEROSOL MUJER*UND*175MLL', 1, '', '', '12.18', 'UND', '1'),
(17282, 'SCHICK EXACTA AZUL*TIRA*24 UND', 1, '', '', '41.64', 'TIR', '24'),
(17283, 'SCHICK EXACTA ROSADA*TIRA*24 UND', 1, '', '', '41.64', 'TIR', '24'),
(17304, 'SCHICK 2 TIRA 12 UND', 1, '', '', '10.83', 'TIR', '12'),
(17339, 'SCHICK QUATTRO TIRAX8 AZUL: PAG.7 LLEV.8', 1, '', '', '21.84', 'TIR', '8'),
(17347, ' XTREME 3 PIEL SENSIBLE VERDE *TIR* 24 UND', 1, '', '', '58.31', 'TIR', '24'),
(17659, 'AVAL JAB. LIQ. FLOR DE MANZANO FCO.PUMP*400 ML', 1, '', '', '3.18', 'UND', '1'),
(17660, 'AVAL JAB. LIQ. LAVANDA FRANCESA FCO. PUMP*400ML', 1, '', '', '3.18', 'UND', '1'),
(17661, 'AVAL JAB. LIQ. PETALOS DE ROSA FCO. PUMP*400ML', 1, '', '', '3.18', 'UND', '1'),
(17662, 'AVAL JAB LIQ. FRESCO LIMON FCO.PUMP*400ML', 1, '', '', '3.18', 'UND', '1'),
(17663, 'AVAL JAB LIQ. PARAISO TROPICAL FCO.PUMP*400ML', 1, '', '', '3.18', 'UND', '1'),
(17664, 'AVAL JAB LIQ. ALMENDRAS Y MIEL FCO.PUMP*400ML', 1, '', '', '3.18', 'UND', '1'),
(17665, 'AVAL JAB LIQ. ANTIB. MAGICA VAIN.FCO. PUMP*400ML', 1, '', '', '3.49', 'UND', '1'),
(17666, 'AVAL JAB. LIQ. ANTIB. FRUTOS ROJOS FCO.PUMP*400ML', 1, '', '', '3.49', 'UND', '1'),
(17667, 'AVAL JAB. LIQ. ANTIB. FRSC. EUCALPT.FCO.PUMP*400ML', 1, '', '', '3.49', 'UND', '1'),
(17668, 'AVAL JAB. LIQ. ANTIB PASION CITRICA FCO. PUMP*400M', 1, '', '', '3.49', 'UND', '1'),
(17861, 'NOSOTRAS JAB. ÍNTIMO FRESCURA EXTREMA*150ML', 1, '', 'SANCELA', '11.64', 'UND', '1'),
(17943, 'VEET CREMA DEPIL. MI PRIM. VEZ P.NORMAL*50ML', 1, '', 'SANCELA', '9.66', 'UND', '1'),
(17990, 'SCHICK \" 2 \" *CAJA*6 TIRAS *24 UND', 1, '', '', '92.78', 'CJA', '6'),
(17995, 'MAQ. AFEITAR BARBE-THOR ALIANZA LIMA*12UND', 1, '', '', '18.16', 'TIR', '12'),
(17996, 'MAQ. AFEITAR BARBE-THOR II   DH *24 UND', 1, '', '', '14.49', 'TIR', '24'),
(17997, 'MAQ. AFEITAR BARBE-THOR III  TH *12 UND', 1, '', '', '14.49', 'TIR', '12'),
(18100, 'NOSOTRAS PLUS RAPISEC *PQT*10 UND', 1, '', 'SANCELA', '3.06', 'PAQ', '1'),
(18101, 'NOSOTRAS NATURAL B.NOCHES*PQT*10UND', 1, '', 'SANCELA', '4.73', 'PAQ', '1'),
(18102, 'NOSOTRAS INVISIBLE CLAS.T.GEL*PQ*10UND', 1, '', 'SANCELA', '2.82', 'PAQ', '1'),
(18103, 'NOSOTRAS ALAS T.GEL *PAQTE*10UNDS', 1, '', 'SANCELA', '2.83', 'PAQ', '1'),
(18104, 'NOSOTRAS INVISIBLE RAPIGEL*PQT*10 UND', 1, '', 'SANCELA', '3.12', 'PAQ', '1'),
(18105, 'NOSOTRAS ULTRAINVIS.RAPISEC*PQ*10UND', 1, '', 'SANCELA', '4.78', 'PAQ', '1'),
(18110, 'NOSOTRAS NAT.INVISIBLE TELA*PQT*8UND', 1, '', 'SANCELA', '3.58', 'PAQ', '1'),
(18111, 'NOSOTRAS NATURAL PLUS TELA*PQT*8UND', 1, '', 'SANCELA', '2.94', 'PAQ', '1'),
(18115, 'NOSOTRAS DIARIOS NORMAL PAQ*15 UND.', 1, '', 'SANCELA', '2.09', 'DIS', '1'),
(18116, 'NOSOTRAS ULTRAINVISIBLE*PQT*8 UND', 1, '', 'SANCELA', '3.92', 'PAQ', '8'),
(18120, 'NOSOTRAS ALAS T.GEL DISPENSADOR*42 UND', 1, '', 'SANCELA', '10.58', 'PAQ', '42'),
(18130, 'NOSOTRAS DIARIOS DESODORANTE *15UND', 1, '', 'SANCELA', '2.09', 'PCK', '15'),
(18132, 'PROTEC.DIARIOS NOSOTRAS MULTIESTILO*15*UND', 1, '', 'SANCELA', '2.09', 'PAQ', '1'),
(18133, 'NOSOTRAS DIARIOS DESOD*TIRA*6 PAQ.*5UNID.', 1, '', 'SANCELA', '4.29', 'TIR', '6'),
(18723, 'NOSOTRAS INV.RAPIGEL*10UND+5DMULTIESTILO', 1, '', 'SANCELA', '3.12', 'UND', '1'),
(18724, 'NOSOTRAS INV.ECON.CLAS.TELA*10UND+5DNORMAL', 1, '', 'SANCELA', '2.82', 'UND', '1'),
(18766, 'NOSOTRAS BUENAS NOCHES  INVI. RAPISEC*10UND', 1, '', 'SANCELA', '4.73', 'PAQ', '1'),
(18767, 'NOSOTRAS INVI. ECON. F.EXTREMA A.T GEL*8UND', 1, '', 'SANCELA', '4.27', 'PAQ', '1'),
(18768, 'NOSOTRAS DIARIOS PH BALANC *PAQ*120 UND', 1, '', 'SANCELA', '12.12', 'PAQ', '1'),
(18900, 'T.H.LADYSOFT PLANAS *PQ X 8 AMARILLO', 1, '', 'PROTISA', '1.16', 'PAQ', '1'),
(18901, 'T.H.LADYSOFT BASICA C.A*PQ X 8 VERDE', 1, '', 'PROTISA', '1.45', 'UND', '1'),
(18902, 'T.H.LADYSOFT NORM. VERDE C.ALAS PQ*10 UNDS', 1, '', 'PROTISA', '2.33', 'PAQ', '1'),
(18903, 'T.H.LADYSOFT NOCTURNA C.ALAS*PAQ*8 UND', 1, '', 'PROTISA', '3.31', 'PAQ', '1'),
(18904, 'T.H.LADYSOFT NORMAL C.ALAS X PQ X 42 UNDS', 1, '', 'PROTISA', '8.79', 'PAQ', '42'),
(18905, 'T.H.LADYSOFT DELGADA PQ X 10 UNDS ROSADA', 1, '', 'PROTISA', '2.42', 'PAQ', '1'),
(18906, 'TH. LADYSOFT NAT. AMARILL C.ALAS PAQ.*10 UNDS.', 1, '', 'PROTISA', '2.29', 'PAQ', '1'),
(18910, 'LADYSOFT PROTECTOR DIARIO X 20', 1, '', 'PROTISA', '2.50', 'PAQ', '1'),
(18911, 'LADYSOFT PROTECTOR DIARIO X 100', 1, '', 'PROTISA', '8.56', 'PAQ', '1'),
(18912, 'T.H.LADYSOFT NOCTURNA DOBLE ALAS*PAQ*10UND', 1, '', 'PROTISA', '4.15', 'PAQ', '1'),
(19030, 'PAÑUELO FACIAL ELITE ALOE VERA DISP. X 27 UNDS', 1, '', 'PROTISA', '9.61', 'PAQ', '1'),
(19031, 'PAÑUELO FACIAL ELITE MENTOL DISP. X 27 UNDS', 1, '', 'PROTISA', '9.61', 'PAQ', '1'),
(19033, 'PAÑUELO FACIAL ELITE AL.VERA DISP.*6 PQTITOS.*10', 1, '', 'PROTISA', '2.57', 'DIS', '1'),
(19134, 'P.H. DUO D.H. ELITE *PCK*10*2UND CELESTE', 1, '', 'PROTISA', '15.47', 'PAQ', '10'),
(19135, 'P.H. DUO D.H. ELITE*PCK*4UND CELESTE', 1, '', 'PROTISA', '2.52', 'PAQ', '1'),
(19136, 'P.H. DUO D.H. ELITE*PCK*6UND CELESTE', 1, '', 'PROTISA', '3.50', 'PAQ', '1'),
(19137, 'PH ELITE ULTRA DH  2*10', 1, '', 'PROTISA', '17.58', 'PAQ', '10'),
(19139, 'PH. ELITE PLUS DH PACK*6 ROSADO', 1, '', 'PROTISA', '3.21', 'PAQ', '1'),
(19140, 'PH. ELITE PLUS DH 10*2 ROSADO', 1, '', 'PROTISA', '14.62', 'PAQ', '10'),
(19141, 'PH. ELITE PLUS DH PACK*4 ROSADO', 1, '', 'PROTISA', '2.27', 'PAQ', '1'),
(19142, 'PH. ELITE DH PACK*6 CELESTE', 1, '', 'PROTISA', '3.21', 'PAQ', '1'),
(19143, 'PH. ELITE DH 10*2 CELESTE', 1, '', 'PROTISA', '14.62', 'PAQ', '10'),
(19144, 'PH. ELITE DH PACK*4 CELESTE', 1, '', 'PROTISA', '2.27', 'PAQ', '1'),
(19146, 'P.H. DOBLE HOJA NARANJA ELITE*20*1UND', 1, '', 'PROTISA', '11.86', 'PAQ', '20'),
(19147, 'P.H. DOBLE HOJA NARANJA ELITE*10*2UND', 1, '', 'PROTISA', '12.03', 'PAQ', '10'),
(19154, 'PH. NOBLE DH 20*1 MORADO', 1, '', '', '9.92', 'PAQ', '20'),
(19155, 'PH. NOBLE DH 10*2 MORADO', 1, '', '', '9.92', 'PAQ', '10'),
(19157, 'P.H. DOBLE HOJA VERDE  NOBLE*10*2UND', 1, '', '', '7.95', 'PAQ', '10'),
(19160, 'SER.NOBLE CORTADA*15*180UND. ROJO', 1, '', '', '10.55', 'PAQ', '15'),
(19164, 'SERV.ELITE CORTADA  18 X 200 VERDE', 1, '', 'PROTISA', '13.40', 'PAQ', '18'),
(19165, 'SERV.ELITE DOBLADA EN 4 CELESTE 100 X 6', 1, '', 'PROTISA', '11.29', 'PAQ', '6'),
(19167, 'SERVILL. ELITE CORT.VERDE *400 *6 PAQ.', 1, '', 'PROTISA', '8.81', 'PAQ', '6'),
(19300, 'P.TOALLA ELITE CLAS. PACK*3 ROJO', 1, '', 'PROTISA', '3.12', 'PAQ', '3'),
(19301, 'P.TOALLA ELITE CLAS.X 1 ROJO', 1, '', 'PROTISA', '1.16', 'PAQ', '1'),
(19303, 'PAPEL TOALLA ELITE ULTRA PACK X 3', 1, '', 'PROTISA', '4.08', 'PAQ', '3'),
(19306, 'P.TOALLA ELITE MEGARROLLO* 2 ROJO', 1, '', 'PROTISA', '3.58', 'PCK', '2'),
(19307, 'P.TOALLA ELITE MEGARROLLO*1 AZUL', 1, '', 'PROTISA', '2.03', 'UND', '1'),
(19308, 'P.TOALLA ELITE MEGARROLLO*2 AZUL', 1, '', 'PROTISA', '3.77', 'UND', '1'),
(21457, 'CEP.COLGATE ACTIVE ANGLE *UND', 1, '', 'COLGATE', '5.10', 'UND', '1'),
(22400, 'P. BABYSEC R.NACIDO PAQ X 20 UNDS', 1, '', 'PROTISA', '8.13', 'PAQ', '20'),
(22401, 'P. BABYSEC PPK ULTRA \"G\" PQ*62 CELESTE', 1, '', 'PROTISA', '26.28', 'PAQ', '62'),
(22402, 'P. BABYSEC PPK ULTRA \"XG\" PQ*52 CELESTE', 1, '', 'PROTISA', '26.28', 'PAQ', '52'),
(22403, 'P. BABYSEC PPK PREMIUM \"G\" PQ*62 TANGA', 1, '', 'PROTISA', '31.69', 'PAQ', '62'),
(22404, 'P. BABYSEC PPK PREMIUM \"XXG\" PQ*44 TANGA', 1, '', 'PROTISA', '29.81', 'PAQ', '2'),
(22405, 'P. BABYSEC PPK ULTRA \"XXG\" PQ*44 CELESTE', 1, '', 'PROTISA', '26.28', 'PAQ', '44'),
(22406, 'P. BABYSEC PPK PREMIUM \"XG\" PQ*52 TANGA', 1, '', 'PROTISA', '31.69', 'PAQ', '52'),
(22407, 'P. BABYSEC PPK ULTRA \"M\" PQ.*72 CELESTE', 1, '', 'PROTISA', '25.43', 'PAQ', '72'),
(22408, 'P. BABYSEC PPK PREMIUM \"M\" PQ.*72 TANGA', 1, '', 'PROTISA', '31.69', 'PAQ', '72'),
(22434, 'P.BABYSEC ULTRA \"M\" MEGA PQ*56 CELESTE', 1, '', 'PROTISA', '24.59', 'PAQ', '56'),
(22435, 'P.BABYSEC ULTRA \"G\" MEGA PQ*48 CELESTE', 1, '', 'PROTISA', '24.40', 'PAQ', '48'),
(22436, 'P.BABYSEC ULTRA \"XG\" MEGA PQ*40 CELESTE', 1, '', 'PROTISA', '24.59', 'PAQ', '40'),
(22450, 'PAÑAL COTIDIAN PLUS \"M\" PQ X 8 AZUL', 1, '', '', '15.05', 'PAQ', '8'),
(22451, 'PAÑAL COTIDIAN PLUS \"G\" PQ X 8 AZUL', 1, '', '', '16.71', 'PAQ', '8'),
(22457, 'PAÑAL COTIDIAN PLUS \"M\" PQ X 24 AZUL', 1, '', '', '36.21', 'PAQ', '24'),
(22458, 'PAÑAL COTIDIAN PLUS \"G\" PQ X 24 AZUL', 1, '', '', '46.58', 'PAQ', '24'),
(22459, 'TOALLA MULTIUSO COTIDIAN PQ*10', 1, '', '', '2.55', 'UND', '1'),
(22460, 'TOALLA MULTIUSO COTIDIAN PQ* 20', 1, '', '', '5.09', 'PAQ', '20'),
(23151, 'GRIFFIN LIQUIDO BLANCO * 60ML', 1, '', '', '7.21', 'UND', '1'),
(23153, 'GRIFFIN LIQUIDO NEGRO * 60 ML.', 1, '', '', '6.74', 'UND', '1'),
(23206, 'NUGGET PASTA NEGRO*12LATAS*30GR', 1, '', '', '20.76', 'DIS', '12'),
(23207, 'NUGGET PASTA NEGRO*12LATAS*65GR', 1, '', '', '38.73', 'DIS', '12'),
(23215, 'BETUN SAPOLIO MARRON N°2 *DIS*24UND*22 MLL', 1, '', '', '11.19', 'DIS', '24'),
(23216, 'BETUN SAPOLIO NEGRO N°3 *DIS*12UND*42 MLL', 1, '', '', '9.19', 'DIS', '12'),
(23217, 'BETUN SAPOLIO MARRON N°3 *DIS*12UND*42 MLL', 1, '', '', '9.19', 'DIS', '12'),
(23218, 'BETUN SAPOLIO NEGRO N°4 *DIS*12UND*88 MLL', 1, '', '', '16.84', 'DIS', '12'),
(23219, 'BETUN SAPOLIO MARRON N°4 *DIS*12UND*88 MLL', 1, '', '', '16.84', 'DIS', '12'),
(24260, 'CARGADOR EVEREADY*2 PILAS', 1, '', '', '30.54', 'UND', '1'),
(24272, 'ENERGIZER CARGADOR EASY-TANIA + AA X 4', 1, '', '', '65.18', 'UND', '1'),
(24273, 'ENERGIZER CARGADOR VALUE + AA X 2', 1, '', '', '37.04', 'UND', '1'),
(25005, 'FOSFORO CARBONERO*PQT*100 CAJITAS*45 UND.', 1, '', '', '9.75', 'PAQ', '100'),
(26755, 'V.T.GRAN TINTO FINA RESERVA*750ML', 1, '', '', '12.89', 'UND', '1'),
(26756, 'V.TABERNERO BORGOÑA * 750ML', 1, '', '', '11.65', 'UND', '1'),
(26758, 'V.T.GRAN ROSE SEMI SECO*750ML', 1, '', '', '11.65', 'UND', '1'),
(26768, 'VINO TABERNERO G. TINTO SEMISECO*UND*750ML', 1, '', '', '11.65', 'UND', '1'),
(26780, 'SANGRIA TABERNERO TINTO* 1LT', 1, '', '', '8.59', 'UND', '1'),
(26792, 'V.T GRAN ROSE S.SECO *2LT', 1, '', '', '26.97', 'UND', '1'),
(26795, 'V.T.BORGOÑA SEMISECO*2 LT', 1, '', '', '26.97', 'UND', '1'),
(26798, 'PISCO ACHOLADO \"LA BOTIJA\"*700ML', 1, '', '', '19.19', 'UND', '1'),
(26799, 'PISCO ITALIA \"LA BOTIJA\"*700ML', 1, '', '', '19.19', 'UND', '1'),
(27128, 'CONDON PIEL C.RETARDANTE DIS 8*3', 1, '', '', '20.88', 'UND', '1'),
(27158, 'CONDON PIEL CLASICO DIS 8*3', 1, '', '', '15.21', 'DIS', '8'),
(28170, 'SAPOLIO CERA AMARILLA*300ML- PASTA', 1, '', '', '2.26', 'PCK', '1'),
(28171, 'SAPOLIO CERA ROJA*300ML-PASTA', 1, '', '', '2.26', 'PCK', '1'),
(28183, 'LAV.SAPOLIO LIMON*CJA*12MLL*180GRM+5 LEJIAS', 1, '', '', '20.49', 'CJA', '12'),
(28185, 'SAPOLIO L.VAJILLA LIMON MELL*180GR', 1, '', '', '1.61', 'UND', '1'),
(28190, 'SAPOLIO L.VAJILLA LIMON MELL*360GR', 1, '', '', '3.05', 'UND', '1'),
(28205, 'LAV.SAPOLIO LIMON  *UND* 900 GRM + ESPONJA', 1, '', '', '3.57', 'UND', '1'),
(29191, 'DETERG.DERSA ULTRA FLORAL*BOLSA*12*160GR', 1, '', '', '12.00', 'BOL', '12'),
(29192, 'DETERG.DERSA ULTRA LIMON*BOLSA*12*160GR', 1, '', '', '12.00', 'BOL', '12'),
(29780, 'DETERG.PATITO LIMON*PAQ*12*150GRS', 1, '', '', '7.78', 'PAQ', '12'),
(29782, 'DETERG.PATITO BEBE*PAQ*12UN*150GRS', 1, '', '', '7.78', 'PAQ', '12'),
(29785, 'DETERG.SAPOLIO LIMON *12UND*150GRS', 1, '', '', '9.54', 'PAQ', '12'),
(29787, 'DET.PATITO LIMON*150GRS*BOLSON*5 DOC', 1, '', '', '38.90', 'BOL', '5'),
(29788, 'DET.PATITO BEBE*150GRS*BOLSON*5 DOC', 1, '', '', '38.90', 'BOL', '5'),
(30701, 'SAPOLIO MATAMOSCAS *360ML', 1, '', '', '5.49', 'UND', '1'),
(30703, 'SAPOLIO MATA ARAÑAS *360ML', 1, '', '', '5.49', 'UND', '1'),
(30704, 'SAPOLIO MATA TODO SPRAY*360ML', 1, '', '', '5.49', 'UND', '1'),
(30705, 'MATACUCARACHA SAPOLIO SPRAY*UND*360MLL+15%', 1, '', '', '5.49', 'UND', '1'),
(30710, 'SAPOLIO AMBIENTADOR LAVANDA *360ML', 1, '', '', '4.25', 'UND', '1'),
(30711, 'SAPOLIO AMBIENTADOR P-POURRI*360 ML', 1, '', '', '4.25', 'UND', '1'),
(30713, 'SAPOLIO AMBIENTADOR ROSAS *360 ML', 1, '', '', '4.25', 'UND', '1'),
(31300, 'TOALLAS HUMEDAS BABYSEC LT*PQ X 50 UNDS', 1, '', 'PROTISA', '4.36', 'PAQ', '1'),
(31301, 'TOALLAS HUMEDAS BABYSEC LT*PQ X 80 UNDS', 1, '', 'PROTISA', '6.11', 'PAQ', '1'),
(32231, 'IGORA VITAL 7-11 RUBIO MEDIANO CENIZO INT-DT', 1, '', '', '21.94', 'UND', '1'),
(32234, 'IGORA V.M6 7-3 RUBIO MEDIANO MATE-DT', 1, '', '', '21.94', 'UND', '1'),
(32326, 'IGORA V.RF3 4-88-CASTAÑO MED.ROJIZO-DT', 1, '', '', '21.94', 'UND', '1'),
(32327, 'IGORA V. 7-1 RUBIO MEDIANO CENIZO-DT', 1, '', '', '21.94', 'UND', '1'),
(32328, 'IGORA V.N5 6-00-RUBIO OSCURO -DT', 1, '', '', '21.94', 'UND', '1'),
(32329, 'IGORA V.N7 8-00-RUBIO CLARO  -DT', 1, '', '', '21.94', 'UND', '1'),
(32330, 'IGORA V.C7 8-1-RUBIO CLAR CENIZO-DT', 1, '', '', '21.94', 'UND', '1'),
(32331, 'IGORA V.W4 5-65-CAFÉ MOCA MEDIANO-DT', 1, '', '', '21.94', 'UND', '1'),
(32333, 'IGORA V.N4 5-0-CASTAÑO CLARO-DT', 1, '', '', '21.94', 'UND', '1'),
(32334, 'IGORA V.RFI5 6-888-RUBI APASIONADO-DT', 1, '', '', '21.94', 'UND', '1'),
(32335, 'IGORA V.N3 4-0-CASTAÑO MEDIANO-DT', 1, '', '', '20.17', 'UND', '1'),
(32336, 'IGORA V.R5 6-68-CHOCOLATE-DT', 1, '', '', '21.94', 'UND', '1'),
(32337, 'IGORA V.N2 3-0-CASTAÑO OSCURO-DT', 1, '', '', '21.94', 'UND', '1'),
(32338, 'IGORA V.RF5 6-88-RUBI -DT', 1, '', '', '21.94', 'UND', '1'),
(32339, 'IGORA V.N1 1-0-NEGRO-DT', 1, '', '', '21.94', 'UND', '1'),
(32341, 'IGORA V.K4 5-7-CAOBA  COBRIZO-DT', 1, '', '', '20.17', 'UND', '1'),
(32342, 'IGORA V. 1-1 NEGRO AZULADO-DT', 1, '', '', '21.94', 'UND', '1'),
(32346, 'IGORA V.N6 7-00-RUBIO MEDIANO-DT', 1, '', '', '21.94', 'UND', '1'),
(32435, 'PALETTE DUO TUBO 6-88 RUBI+OXIGENTA', 1, '', '', '13.50', 'UND', '1'),
(32444, 'PALETTE D.TUB.3-0 CAST.OSC.+OXIG*100ML', 1, '', '', '13.50', 'UND', '1'),
(32450, 'PALETTE 9-1 TUBO 50MLL +OX 50GR-RUB.EXT.CLA.', 1, '', '', '5.60', 'UND', '1'),
(32451, 'PALETTE 8-1 TUBO 50MLL+OX 50GR-RUBIO.CLA.CE', 1, '', '', '5.60', 'UND', '1'),
(32452, 'PALETTE 8-0 TUBO 50MLL+OX 50GR-RUBIO.CLARO', 1, '', '', '5.60', 'UND', '1'),
(32453, 'PALETTE 7-1 TUBO 50MLL+OX 50GR-RUBIO.MED.CE', 1, '', '', '5.60', 'UND', '1'),
(32454, 'PALETTE 7-0 TUBO 50MLL+OX 50GR-RUBIO.MED', 1, '', '', '5.60', 'UND', '1'),
(32455, 'PALETTE 6-88 TUBO 50MLL+OX 50GR-RUBI', 1, '', '', '5.60', 'UND', '1'),
(32456, 'PALETTE 6-68 TUBO 50MLL+OX 50GR-CHOC.CLARO', 1, '', '', '5.60', 'UND', '1'),
(32457, 'PALETTE 6-60 TUBO 50MLL+OX 50GR-CHOC.ORO', 1, '', '', '5.60', 'UND', '1'),
(32458, 'PALETTE 6-0 TUBO 50MLL+OX 50GR-RUBIO.OSCURO', 1, '', '', '5.60', 'UND', '1'),
(32459, 'PALETTE 5-68 TUBO 50MLL+OX 50GR-CHOCOLATE', 1, '', '', '5.60', 'UND', '1'),
(32460, 'PALETTE 5-0 TUBO 50MLL+OX 50GR-CAST.CLARO', 1, '', '', '5.60', 'UND', '1'),
(32461, 'PALETTE 4-89 TUBO 50MLL+OX 50GR-BORGOÑA.INT', 1, '', '', '5.60', 'UND', '1'),
(32462, 'PALETTE 4-88 TUBO 50MLL+OX 50GR-CAST.ROJIZO', 1, '', '', '5.60', 'UND', '1'),
(32463, 'PALETTE 4-0 TUBO 50MLL+OX 50GR-CAST.MED', 1, '', '', '5.60', 'UND', '1'),
(32464, 'PALETTE 3-65 TUBO 50MLL+OX 50GR-CAFE.MOCA.OSC', 1, '', '', '5.60', 'UND', '1'),
(32465, 'PALETTE 3-0 TUBO 50MLL+OX 50GR-CAST.OSCURO', 1, '', '', '5.60', 'UND', '1'),
(32466, 'PALETTE 1-1 TUBO 50MLL+OX 50GR-NEGRO.AZUL', 1, '', '', '5.60', 'UND', '1'),
(32467, 'PALETTE 1-0 TUBO 50MLL+OX 50GR-NEGRO', 1, '', '', '5.60', 'UND', '1'),
(32509, 'IGORA VITAL 8-11 RUBIO CLARO CENIZO PRO-DT', 1, '', '', '21.94', 'UND', '1'),
(32510, 'IGORA VITAL 6-1 RUBIO OSCURO CENIZO-DT', 1, '', '', '21.94', 'UND', '1'),
(32511, 'IGORA VITAL 6-34 CHOCOL. DORADO - DT', 1, '', '', '21.94', 'UND', '1'),
(32552, 'PALETTE D.TUB.6-0 RUB.OSC+OXIGENTA 100ML', 1, '', '', '13.50', 'UND', '1'),
(32556, 'PALETTE D.TUB.4-88 CAST.ROJ.+OXIGENTA100 ML', 1, '', '', '12.42', 'UND', '1'),
(32605, 'PALETTE D.TUB.5-68 CHOCO+OXIGENTA*100ML', 1, '', '', '13.50', 'UND', '1'),
(32620, 'PALETTE D.TUB.5-0 CAST.CLARO+OXIG.*100ML', 1, '', '', '13.50', 'UND', '1'),
(32625, 'PALETTE D.TUB.4-0 CASTAÑO MDIO+OXIGENTA 100 ML.', 1, '', '', '13.50', 'UND', '1'),
(32626, 'PALETTE D.TUB.7.1 RUB.MED.CEN+OXIGENTA 100 ML.', 1, '', '', '13.50', 'UND', '1'),
(32630, 'PALETTE D.TUB.8-0 RUBIO CLARO+OXIGENTA 100 ML.', 1, '', '', '13.50', 'UND', '1'),
(32631, 'PALETTE D.TUB.7-0 RUBIO MEDIANO+OXIGENTA 100 ML.', 1, '', '', '12.42', 'UND', '1'),
(32633, 'PALETTE D.TUB.10-1 RUB.PLAT.CEN+OXIGENTA 100 ML', 1, '', '', '13.50', 'UND', '1'),
(32636, 'PALETTE D.TUB.1-1  NEGRO AZULADO+OXIGENTA 100 ML', 1, '', '', '13.50', 'UND', '1'),
(32637, 'PALETTE D.TUB.8-1 RUBIO CLARO CENIZO+OXIGENTA 100', 1, '', '', '13.50', 'UND', '1'),
(32638, 'PALETTE D.TUB.6-60 CHOCOLATE ORO+OXIGENTA 100 ML', 1, '', '', '13.50', 'UND', '1'),
(32639, 'PALETTE D.TUB.1-0 NEGRO +OXIGENTA 100 ML', 1, '', '', '13.50', 'UND', '1'),
(32640, 'PALETTE D.TUB.6-68 CHOCOL.CLARO+OXIG.*100 ML', 1, '', '', '13.50', 'UND', '1'),
(33481, 'PROT. SOLAR BANANA BOAT KIDS FPS50 *60ML', 1, '', '', '6.72', 'UND', '1'),
(33482, 'PROTECTOR SOLAR BANANA BOAT FPS50 *60ML', 1, '', '', '6.72', 'UND', '1'),
(34002, 'ESCOBA LA PODEROSA VIRUTEX-TASK', 1, '', '', '5.52', 'UND', '1'),
(34011, 'ESPONJA GRANDE DE ACERO*12UND VIRUTEX', 1, '', '', '8.86', 'PAQ', '12'),
(34015, 'PAÑO PARA PISO C.OJAL GRN', 1, '', '', '4.69', 'UND', '1'),
(34020, 'GUANTE MULTIUSO PEQUENO 7 VIRUTEX', 1, '', '', '3.69', 'UND', '1'),
(34021, 'GUANTE MULTIUSO MEDIANO 8 VIRUTEX', 1, '', '', '3.69', 'UND', '1'),
(34023, 'GUANTE CORRUGADO PEQUENO Nª7 VIRUTEX', 1, '', '', '5.11', 'UND', '1'),
(34025, 'GUANTE CONVEN. TALLA S-7 VTX', 1, '', '', '2.81', 'UND', '1'),
(34026, 'GUANTE CONVEN. TALLA M-8 VTX', 1, '', '', '2.81', 'UND', '1'),
(34027, 'GUANTE CONVEN. TALLA L-9 VTX', 1, '', '', '2.81', 'UND', '1'),
(34028, 'GUANTE CORRUGADO MEDIANO Nª8 VIRUTEX', 1, '', '', '5.11', 'UND', '1'),
(34029, 'GUANTE CORRUGADO GRANDE  Nª9 VIRUTEX', 1, '', '', '5.11', 'UND', '1'),
(34030, 'GUANTE BAÑO Y LAVANDERÍA CREATIVA M', 1, '', '', '5.80', 'UND', '1'),
(34031, 'GUANTE BAÑO Y LAVANDERÍA CREATICA L', 1, '', '', '5.80', 'UND', '1'),
(34032, 'GUANTE TRADICIONAL C-35 MEDIANO', 1, '', '', '5.19', 'UND', '1'),
(34033, 'GUANTE TRADICIONAL C-35 GRANDE', 1, '', '', '5.19', 'UND', '1'),
(34034, 'GUANTE TRADICIONAL C-35 EXTRAGRANDE', 1, '', '', '5.19', 'UND', '1'),
(34036, 'GUANTE TRADICIONAL C-25 MEDIANO', 1, '', '', '4.03', 'UND', '1'),
(34037, 'GUANTE TRADICIONAL C-25 GRANDE', 1, '', '', '4.03', 'UND', '1'),
(34056, 'MOPA DE LANA + PALO VIRUTEX', 1, '', '', '6.65', 'UND', '1'),
(34058, 'MOPA ALGODON  (REPUESTO) VIRUTEX', 1, '', '', '5.42', 'UND', '1'),
(34059, 'BALDE ECON. C.ESCU. 10 LT+MOPA', 1, '', '', '12.64', 'UND', '1'),
(34077, 'HARPIC LIQ. POWER ULTRA ORIGINAL*500 ML', 1, '', '', '10.42', 'UND', '1'),
(34079, 'HARPIC POWER ULTRA CITRUS*500 ML', 1, '', '', '10.42', 'UND', '1'),
(34090, 'GUANTE NARANJA TRADIC. PEQUEÑO', 1, '', '', '1.51', 'UND', '1'),
(34101, 'BALDE C.ESCURRIDOR 14 LT.+ MOPA 200 G', 1, '', '', '14.33', 'UND', '1'),
(34107, 'EASY OFF DOYPACK QUITAGRASA LIMON 500ML', 1, '', '', '3.86', 'UND', '1'),
(34120, 'FIBRA VERDE *PCK* 12UND VIRUTEX', 1, '', '', '2.97', 'BOL', '12'),
(34148, 'DESATORADOR DE BAÑO VIRUTEX', 1, '', '', '5.26', 'UND', '1'),
(34149, 'PASTILLA P.BAÑO ECON.*48 GR CLASICA TERGO GLOP', 1, '', '', '4.45', 'UND', '1'),
(34350, 'VANISH POLVO R.COLOR FCO 210 GR', 1, '', '', '8.88', 'FCO', '1'),
(34352, 'VANISH POLVO R.COLOR TIRA*12UND*30GR', 1, '', '', '12.39', 'DIS', '12'),
(34353, 'VANISH LIQUIDO ROSADO *FCO*900ML.', 1, '', '', '8.14', 'UND', '1'),
(34356, 'VANISH POLVO R.BLANCATIR*12UND*30GR', 1, '', '', '12.39', 'DIS', '12'),
(34360, 'VANISH POLVO R.BLANCA FCO 450 GR', 1, '', '', '13.81', 'FCO', '1'),
(34377, 'VANISH MAX2  COLOR  LIQUIDO SACHET*100 ML.', 1, '', '', '0.90', 'UND', '1'),
(34378, 'VANISH LIQUIDO BLANCO*SACHET*100ML', 1, '', '', '0.94', 'UND', '1'),
(34385, 'EASY OFF DOYPACK QUITAGRASA NARANJA*500 ML', 1, '', '', '3.86', 'UND', '1'),
(34391, 'HARPIC POWER PLUS *FCO*200 MLL', 1, '', '', '3.28', 'UND', '1'),
(34530, 'JABON BARRA VANISH *UND*75 GR', 1, '', '', '3.41', 'DIS', '1'),
(34531, 'VANISH LIQUIDO ROSADO *DPK*400 MLL', 1, '', '', '3.28', 'UND', '1'),
(34532, 'VANISH LIQUIDO BLANCO TOTAL*DPK*400 MLL', 1, '', '', '3.28', 'UND', '1'),
(34596, 'LIMPIATODO SAPOLIO FLORAL*FCO*900MLL', 1, '', '', '1.95', 'UND', '1'),
(34598, 'LIMPIATODO SAPOLIO BEBE*FCO*900MLL', 1, '', '', '1.95', 'UND', '1'),
(34599, 'LIMPIATODO SAPOLIO LAVAND*FCO*900MLL', 1, '', '', '1.95', 'UND', '1'),
(34601, 'LIMPIATODO SAPOLIO ROSAS*FCO*250MLL', 1, '', '', '0.69', 'UND', '1'),
(34605, 'LIMPIATODO SAPOLIO LAVANDA*FCO*250MLL', 1, '', '', '0.69', 'FCO', '1'),
(34608, 'LIMPIATODO SAPOLIO BEBE *FCO*250MLL', 1, '', '', '0.69', 'FCO', '1'),
(34609, 'TERGO GLOP PINO 48G * 2 (BLISTER) AZUL', 1, '', '', '5.26', 'UND', '1'),
(34612, 'BOTADOR DE AGUA 40CM CLASICA CG', 1, '', '', '7.80', 'UND', '1'),
(34619, 'PAÑO ABSORBENTE MULTIUSO * PQ* 4', 1, '', '', '6.05', 'PAQ', '3'),
(34628, 'ESPONJA MULTIUSO ANATOMICA X4', 1, '', '', '4.53', 'PCK', '4'),
(34629, 'ESPONJA MULTIUSO X4', 1, '', '', '4.03', 'PCK', '4'),
(34632, 'LIMPIASANITARIO CON BASE -VIRUTEX', 1, '', '', '5.31', 'UND', '1'),
(34635, 'ESCOBILLA MULTIUSO ECONOM-VIRUTEX', 1, '', '', '2.82', 'UND', '1'),
(34654, 'ESCOBA GRANDES SUPERFICIES - VIRUTEX', 1, '', '', '9.74', 'UND', '1'),
(34656, 'ESCOBA PISO DELICADO - FLOTANTE VIRUTEX', 1, '', '', '10.61', 'UND', '1'),
(34657, 'ESCOBA LA GRANDAZA VIRUTEX *UND*', 1, '', '', '7.48', 'UND', '1'),
(34666, 'ROLLITOS LANA DE ACERO *6UN*-TASK', 1, '', '', '1.36', 'UND', '1'),
(34680, 'PAÑO ABSORB.TRADICIONAL(*1)*PCK*12UND', 1, '', '', '8.18', 'PAQ', '12'),
(34681, 'LEJIA SAPOLIO ORIG. FCO.*1000+10%', 1, '', '', '1.68', 'UND', '1'),
(34690, 'ROPA COLOR SAPOLIO*FCO* 250 MLL+20%', 1, '', '', '0.92', 'UND', '1'),
(34704, 'ESCOBA SUPER DALIA', 1, '', '', '7.00', 'UND', '1'),
(34709, 'ESCOBA MULTIUSO GRANDE CREATIVA* UND', 1, '', '', '10.16', 'UND', '1'),
(34800, 'LEJIA SAPOLIO ORIG.*CJA*15 UND*250GRM+34 %', 1, '', '', '7.46', 'PAQ', '15'),
(34801, 'LEJIA SAPOLIO ORIG.*CJA*15 UND*500GRM+34 %', 1, '', '', '12.05', 'PAQ', '15'),
(34949, 'ESPONJA LA CLASICA SCOTCH BRITE*TIR*6UND', 1, '', '', '6.10', 'TIR', '6'),
(34950, 'ESPONJA VERDE SCOTCH BRITE*DIS*15UND', 1, '', '', '11.71', 'DIS', '15'),
(34951, 'ESPONJA VERDE SCOTCH BRITE*DIS*18', 1, '', '', '15.68', 'DIS', '18'),
(34954, 'ESPONJA LA MAQ. S. BRITE*DIS*13UND', 1, '', '', '13.98', 'DIS', '13'),
(34955, 'ESPONJA\"2EN1\"SCOTCH BRITE*DIS*6+1UND', 1, '', '', '15.22', 'DIS', '6'),
(34957, 'ESPONJA C.RAYAS SCOTCH BRITE\"2EN1\"DIS*6+1UND', 1, '', '', '19.21', 'DIS', '6'),
(34959, 'PAÑO SCOTCH BRITE ABSORBENTE*4 UND', 1, '', '', '5.93', 'PCK', '4'),
(34960, 'PAÑO ABSORBENTE SCOTCH BRITE*UND', 1, '', '', '1.69', 'PCK', '1'),
(34962, 'PAÑO SECATODO SCOTCH BRITE*UND*', 1, '', '', '1.11', 'PCK', '1'),
(34966, 'PAÑO SCOTCH BRITE SECATODO *4 UND', 1, '', '', '4.16', 'PCK', '4'),
(34968, 'GUANTES S.BRITE COCINA PEQUEÑO *1 PAR', 1, '', '', '2.63', 'UND', '1'),
(34969, 'GUANTES S.BRITE COCINA GRANDE *1 PAR', 1, '', '', '2.63', 'UND', '1'),
(34970, 'GUANTES SCOTCH BRITE COCINA MEDIANO*1*PAR', 1, '', '', '2.63', 'UND', '1'),
(34971, 'GUANTES SCOTCH BRITE MULTIUSO MEDIANO*1*PAR', 1, '', '', '3.16', 'UND', '1'),
(34973, 'GUANTES S.BRITE MULTIUSO GRANDE *1 PAR', 1, '', '', '3.16', 'UND', '1'),
(34990, 'ESPONJA LA MAQ. S. BRITE*DIS*12UND', 1, '', '', '11.02', 'DIS', '12'),
(35501, 'MARCADOR PERMANENTE ROJO Nº52 X DIS X12 UND', 1, '', '', '11.67', 'DIS', '12'),
(35503, 'MARCADOR PERMANENTE VERDE Nº52 X DIS X12 UND', 1, '', '', '12.36', 'DIS', '12'),
(35507, 'MARCADOR VERDE Nº56 X DIS X 12 UND', 1, '', '', '10.32', 'DIS', '12'),
(36017, 'VOLEY VINIBALL GM TRICOLORES *UND', 1, '', '', '9.31', 'UND', '1'),
(36027, 'VOLEY CHIBOLITA TRICOLOR.FLORES SURTIDA', 1, '', '', '5.00', 'UND', '1'),
(36031, 'VOLEY CHIBOLITA CALCO BL', 1, '', '', '5.76', 'UND', '1'),
(36032, 'PERFUMADAS FRUTAS CALCO # 5', 1, '', '', '3.22', 'UND', '1'),
(36047, 'MC HADAS CAMPANITA # 5', 1, '', '', '3.82', 'UND', '1'),
(36051, 'SUPERBALL PERFUM TUTI FRUTI #5', 1, '', '', '2.19', 'UND', '1'),
(36052, 'PELOTA PUAS #5', 1, '', 'VINIFAN', '1.86', 'UND', '1'),
(36056, 'PELOTA PICA PICA #5', 1, '', 'VINIFAN', '2.00', 'UND', '1'),
(36057, 'BASKET GM # 3 NARANJA', 1, '', '', '8.49', 'UND', '1'),
(36072, 'PICHANGUITA # 5', 1, '', '', '2.09', 'UND', '1'),
(36076, 'FUTBOL GM PAISES COLORES # 5', 1, '', '', '9.30', 'UND', '1'),
(36079, 'FUTBOL VBALL GOMA LS #3', 1, '', 'VINIFAN', '7.87', 'UND', '1'),
(36118, 'BASKET  GOMA CON DISEÑO *7', 1, '', 'VINIFAN', '10.74', 'UND', '1'),
(36120, 'MC M. UNIVERSITY #5', 1, '', '', '4.02', 'UND', '1'),
(36129, 'RECREATIVAS PRINCESAS #5', 1, '', '', '3.82', 'UND', '1'),
(36133, 'MC  CARS # 7', 1, '', '', '7.91', 'UND', '1'),
(36143, 'MC  MICKEY # 5', 1, '', '', '3.82', 'UND', '1'),
(36147, 'MC  MINNIE  #5', 1, '', '', '3.82', 'UND', '1'),
(36149, 'MC TRANSFORMERS #5', 1, '', '', '3.68', 'UND', '1'),
(36166, 'MC BARNEY  #5', 1, '', '', '4.02', 'UND', '1'),
(36169, 'MC CARS # 5', 1, '', '', '3.82', 'UND', '1'),
(36174, 'MC DRAGON BALL Z  # 5', 1, '', '', '3.82', 'UND', '1'),
(36183, 'MC PRINCESAS ROYAL  1  # 7', 1, '', '', '7.91', 'UND', '1'),
(36192, 'SUPERBALL ANIMAL #7', 1, '', '', '4.89', 'UND', '1'),
(36206, 'VOLEY COMET CUERO VOLEYCUP PAISES #5', 1, '', '', '26.20', 'UND', '1'),
(36231, 'FUTBOL VUL COMET IMP. PAISES #5 - PROMOC.', 1, '', '', '21.19', 'UND', '1'),
(36248, 'PELOTA VINIGYMBALL 65 CMS.', 1, '', 'VINIFAN', '19.12', 'UND', '1'),
(36249, 'PELOTA VINIGYMBALL 75 CMS.', 1, '', 'VINIFAN', '23.31', 'UND', '1'),
(36276, 'PELOTA RECREAT PRINCESA SOFIA #7', 1, '', 'VINIFAN', '6.09', 'UND', '1'),
(36278, 'PELOTA RECREAT ELSA & ANNA #7', 1, '', 'VINIFAN', '6.09', 'UND', '1'),
(36285, 'VOLEY COMET CUERO SEASIDE COLRS.FLORES', 1, '', '', '26.20', 'UND', '1'),
(36298, 'VOLEY CELULAR COLORES # 5', 1, '', '', '23.01', 'UND', '1'),
(36328, 'FUTBOL CUE VULC REAL MADRID #5', 1, '', '', '27.22', 'UND', '1'),
(36329, 'FUTBOL CUE VULC REAL MADRID #4', 1, '', '', '26.42', 'UND', '1'),
(36339, 'FUT. VUL. COMET BARCELONA  #5', 1, '', '', '27.22', 'UND', '1'),
(36340, 'FUTBOL VUL. COMET PELE IMPACT #4', 1, '', '', '26.42', 'UND', '1'),
(36343, 'CALCO RISITAS METALICA #5', 1, '', '', '1.86', 'UND', '1'),
(36345, 'BASKET CELULAR #5 NARANJ . CHOCOL', 1, '', '', '29.14', 'UND', '1'),
(36348, 'VOLEY CUE. VULC. COMET IMP. #5', 1, '', '', '35.95', 'UND', '1'),
(36350, 'BASKET CELULAR # 7 NARANJ . CHOCOL', 1, '', '', '32.39', 'UND', '1'),
(36352, 'PELOTA RECREATIVA MC PROM ANIMALES #5.5', 1, '', 'VINIFAN', '2.06', 'UND', '1'),
(36359, 'FUT VBALL CUE MAT TPU  # 5', 1, '', '', '19.43', 'UND', '1'),
(36361, 'PELOTA DEPORTIVA FUTBOL USA SURT #5', 1, '', 'VINIFAN', '6.31', 'UND', '1'),
(36362, 'PELOTA RECREATIVA CALCO USA SURT #5', 1, '', 'VINIFAN', '2.08', 'UND', '1'),
(36381, 'PELOTA RECREAT SPIDERMAN #5', 1, '', 'VINIFAN', '3.82', 'UND', '1'),
(36384, 'PELOTA RECREAT FROZEN SURT #5', 1, '', 'VINIFAN', '3.82', 'UND', '1'),
(36385, 'PELOTA RECREAT SOFIA SURT #5', 1, '', 'VINIFAN', '3.82', 'UND', '1'),
(36389, 'MC AVENGERS ASSEMBLE # 5', 1, '', '', '4.02', 'UND', '1'),
(36397, 'MULTICOLOR # 5.5', 1, '', '', '2.06', 'UND', '1'),
(36412, 'PELOTA RECREATIVA 360 MINIONS', 1, '', 'VINIFAN', '5.77', 'UND', '1'),
(36413, 'PELOTA RECREATIVA 360 CENICIENTA', 1, '', 'VINIFAN', '5.77', 'UND', '1'),
(36414, 'PELOTA RECREATIVA 360 DORY', 1, '', 'VINIFAN', '5.77', 'UND', '1'),
(36416, 'PELOTA RECREATIVA 360 PRINCESAS', 1, '', 'VINIFAN', '5.77', 'UND', '1'),
(41009, 'MUÑECO DE PLAYA KEN* UND', 1, '', '', '23.46', 'UND', '1'),
(41019, 'HW BF5 VEHICS 164', 1, '', '', '22.75', 'UND', '1'),
(41097, 'BRB GLAM PISCINA', 1, '', '', '58.76', 'UND', '1'),
(41103, 'BRB EP CASTILLO REAL', 1, '', '', '404.17', 'UND', '1'),
(41104, 'BRB QUIERO SER MUNEC', 1, '', '', '47.00', 'UND', '1'),
(41140, 'BRB PEINADOS MAGICOS', 1, '', '', '70.53', 'UND', '1'),
(41141, 'BRB KEN FASHIONISTA', 1, '', '', '47.00', 'UND', '1'),
(41149, 'HW REVUPS SUPER LOOP', 1, '', '', '55.35', 'UND', '1'),
(41150, 'MS PERSECUCION SUBTERRANEA', 1, '', '', '99.94', 'UND', '1'),
(41167, 'MS MAX GARRASTRITURA', 1, '', '', '110.17', 'UND', '1'),
(41168, 'MS NTEK TURBO JET', 1, '', '', '110.17', 'UND', '1'),
(41189, 'MS MAX ROCKET BLASTER', 1, '', '', '76.42', 'UND', '1'),
(41193, 'MS CYTRO ARSENAL URBANO', 1, '', '', '99.94', 'UND', '1'),
(41255, 'WWE FIGURA FLEXFORCE', 1, '', '', '45.57', 'UND', '1'),
(41257, 'LM BEBITA BAILA', 1, '', '', '149.28', 'UND', '1'),
(41291, 'BRB FASHIONISTAS - SURTIDO', 1, '', '', '47.00', 'UND', '1'),
(41292, 'FP ARRULLADOR PINGÜINO', 1, '', '', '88.18', 'UND', '1'),
(41296, 'BRB ¡SUPER ESTILOS! ARTISTA DE CABELLO', 1, '', '', '105.82', 'UND', '1'),
(41297, 'BRB PARQUE DE JUEGOS CACHORROS', 1, '', '', '105.82', 'UND', '1'),
(41305, 'MATCHOBOX SKY BUSTERS - SURTIDO', 1, '', '', '9.36', 'UND', '1'),
(54000, 'FOSFORO INTI*100UND*40UN', 1, '', 'INTI', '14.75', 'PAQ', '100'),
(54001, 'FOSFORO INTI*100UND+AJINOMOTO*1UND*27GR', 1, '', 'INTI', '14.75', 'PAQ', '100'),
(54010, 'FOSFORO INTI*8UND*200UN', 1, '', 'INTI', '5.90', 'PCK', '8'),
(54011, 'FOSFORO INTI*8UND*200UN+AJINOMOTO*1UND', 1, '', 'INTI', '5.90', 'PAQ', '8'),
(54016, 'FOSFORO INTI PARRILLA*5UND+FOSFORO*100UND', 1, '', 'INTI', '3.81', 'PAQ', '1'),
(55000, 'MONDADIENTES INTI *DIS*6 UND', 1, '', 'INTI', '5.72', 'DIS', '1'),
(55005, 'PALITOS INTI P.BROCHETAS*100UN', 1, '', 'INTI', '1.36', 'BOL', '1'),
(74011, 'RON CARTAVIO HIT MOJITO*1UND*335ML', 1, '', '', '3.48', 'UND', '1'),
(74016, 'V.RUSSKAYA WILD PASSION FRUIT*1UND*355ML', 1, '', '', '3.48', 'UND', '1'),
(74017, 'V.RUSSKAYA WILD SEX ON THE BEACH*1UND*355ML', 1, '', '', '3.48', 'UND', '1'),
(74020, 'RON CABO BLANCO BLACK*1UND*750ML', 1, '', '', '8.03', 'UND', '1'),
(74030, 'RON CARTAVIO BLACK*1UND*250ML', 1, '', '', '4.88', 'UND', '1'),
(74031, 'RON CARTAVIO BLACK*1UND*1LT', 1, '', '', '15.42', 'UND', '1'),
(74032, 'RON CARTAVIO BLACK*1UND*750ML', 1, '', '', '12.47', 'UND', '1'),
(74033, 'RON CARTAVIO BLACK*1UND*500ML', 1, '', '', '8.03', 'UND', '1'),
(74040, 'RON CARTAVIO RUBIO*1UND*750ML', 1, '', '', '12.47', 'UND', '1'),
(74041, 'RON CARTAVIO RUBIO*1UND*1LT', 1, '', '', '15.42', 'UND', '1');
INSERT INTO `producto` (`idPRODUCTO`, `Nombre`, `Activo`, `Imagen`, `marca_idMARCA`, `Precio`, `UnidadDefecto`, `UndXEmpaque`) VALUES
(74045, 'RON CARTAVIO BLANCO*1UND*750ML', 1, '', '', '12.47', 'UND', '1'),
(74046, 'RON CARTAVIO BLANCO*1UND*1LT', 1, '', '', '15.42', 'UND', '1'),
(74047, 'RON CARTAVIO BLANCO*1UND*125ML', 1, '', '', '2.93', 'UND', '1'),
(74048, 'RON CARTAVIO BLANCO*1UND*250ML', 1, '', '', '4.88', 'UND', '1'),
(74055, 'RON CARTAVIO SELECTO*1UND*750ML', 1, '', '', '16.29', 'UND', '1'),
(74065, 'RON CARTAVIO RUBIO*1UND*250ML', 1, '', '', '4.88', 'UND', '1'),
(74066, 'RON CARTAVIO RUBIO*1UND*125ML', 1, '', '', '2.93', 'UND', '1'),
(74070, 'LICOR DE RON CARTAVIO*1UND*700ML', 1, '', '', '15.29', 'UND', '1'),
(74079, 'VODKA SOVIESKY*1UND*750ML', 1, '', '', '28.65', 'UND', '1'),
(74081, 'VODKA RUSSKAYA*1UND*750ML', 1, '', '', '14.66', 'UND', '1'),
(74083, 'VODKA RUSSKAYA*1UND*250ML', 1, '', '', '5.28', 'UND', '1'),
(74087, 'WHISKY OLD TIMES RED*1UND*250ML', 1, '', '', '4.89', 'UND', '1'),
(74096, 'GIN PARAMONGA*1UND*750ML', 1, '', '', '11.17', 'UND', '1'),
(74120, 'PISCO MILAGRO P.SANTO QUEBRANTA*1UND*4LT', 1, '', '', '76.86', 'UND', '1'),
(74121, 'PISCO MILAGRO P.SANTO QUEBRANTA*1UND*500ML', 1, '', '', '27.63', 'UND', '1'),
(77001, 'CD KOLYNOS S.BLANCO*PQT*12UND*75MLL', 1, '', 'COLGATE', '30.54', 'DOC', '12'),
(77002, 'CD KOLYNOS S.BLANCO*PQT*12UND*22MLL', 1, '', 'COLGATE', '12.54', 'DOC', '12'),
(77003, 'CD KOLYNOS S.BLANCO*PQT*12UND*100MLL', 1, '', 'COLGATE', '38.86', 'DOC', '12'),
(77004, 'CD KOLYNOS HERBAL*PQT*12UND*90MLL', 1, '', 'COLGATE', '20.04', 'DOC', '12'),
(77005, 'CD COLGATE HERBAL*PQT*12UND*90GRM', 1, '', 'COLGATE', '20.04', 'DOC', '12'),
(77007, 'CD COLGATE TOTAL CLEAN*PQT*12UND*75MLL', 1, '', 'COLGATE', '81.96', 'DOC', '12'),
(77008, 'CD COLGATE T.ACCION*PQT*12UND*75MLL', 1, '', 'COLGATE', '42.54', 'DOC', '12'),
(77009, 'CD COLGATE T.ACCION*PQT*12UND*22MLL', 1, '', 'COLGATE', '13.09', 'DOC', '12'),
(77010, 'CD COLGATE T.ACCION*PQT*12UND*150MLL', 1, '', 'COLGATE', '70.36', 'DOC', '12'),
(77013, 'CD COLGATE T.ACC EXT.BLAN*PQT*12UND*45MLL', 1, '', 'COLGATE', '27.82', 'DOC', '12'),
(77015, 'CD COLGATE MAX.P.ANTICA*PQT*12UND*60MLL', 1, '', 'COLGATE', '30.14', 'DOC', '12'),
(77017, 'CD COLGATE SMILES MINIONS(6+)*UND*75MLL', 1, '', 'COLGATE', '6.97', 'UND', '1'),
(77018, 'CD COLGATE SMILES BARBIE(6+)*UND*75MLL', 1, '', 'COLGATE', '6.97', 'UND', '1'),
(77019, 'CD COLGATE SMILES BARBIE(2-5)*UND*75MLL', 1, '', 'COLGATE', '6.97', 'UND', '1'),
(77020, 'CD COLGATE SMILES SPIDERMAN(2-5)*UND*75MLL', 1, '', 'COLGATE', '6.97', 'UND', '1'),
(77021, 'CD COLGATE SMILES B.ESPONJA(2-5)*UND*75MLL', 1, '', 'COLGATE', '6.97', 'UND', '1'),
(77050, 'C.D.COLGATE KIDS SURTIDO*6UND*50GR', 1, '', 'COLGATE', '12.13', 'PCK', '6'),
(78001, 'CP COLGATE TRIPLE ACCION*UND', 1, '', 'COLGATE', '2.09', 'UND', '1'),
(78002, 'CP COLGATE TRIPLE ACCION*DIS*12UND', 1, '', 'COLGATE', '25.09', 'DIS', '12'),
(78003, 'CP KOLYNOS MASTER PLUS*DIS*12+2UND', 1, '', 'COLGATE', '18.01', 'DOC', '12'),
(78004, 'CP COLGATE PREMIER CLEAN*DIS*12+2UND', 1, '', 'COLGATE', '20.04', 'DIS', '12'),
(78005, 'CP COLGATE PREMIER CLEAN*TIR*12UND', 1, '', 'COLGATE', '17.31', 'DIS', '12'),
(78007, 'CP COLGATE KIDS(5+)*PQT*12UND', 1, '', 'COLGATE', '19.77', 'DOC', '12'),
(78008, 'CP COLGATE EXTRA CLEAN*BLI*2UND', 1, '', 'COLGATE', '4.60', 'UND', '2'),
(79001, 'ENJUAGUE BUCAL PLAX ICE*FCO*60MLL', 1, '', '', '2.36', 'UND', '1'),
(79003, 'ENJUAGUE BUCAL PLAX COMP.CARE*FCO*500MLL', 1, '', '', '14.18', 'UND', '1'),
(81001, 'DS LADY SS TALC CREMA*DIS*16+2SCH*10GRM', 1, '', 'COLGATE', '9.09', 'DIS', '16'),
(81002, 'DS MEN SS 24/7 CREMA*DIS*16+2SCH*12GRM', 1, '', 'COLGATE', '9.09', 'DIS', '16'),
(81004, 'DS MEN SS XTREME SPRAY*UND*60GRM', 1, '', 'COLGATE', '4.79', 'UND', '1'),
(81007, 'DESOD.LADY SPEED STICK PERLA*SPRAY*60GRM', 1, '', '', '4.79', 'UND', '1'),
(83001, 'JB PROTEX FRESH*PQT*12UND*75GRM', 1, '', 'COLGATE', '18.68', 'DOC', '12'),
(83003, 'JB PROTEX AVENA*PQT*12UND*75GRM', 1, '', 'COLGATE', '18.68', 'DOC', '12'),
(83004, 'JB PROTEX FRESH*UND*130GRM', 1, '', 'COLGATE', '2.11', 'DOC', '1'),
(83005, 'JB PROTEX HERBAL*UND*130GRM', 1, '', 'COLGATE', '2.11', 'UND', '1'),
(83006, 'JB PROTEX AVENA*UND*130GRM', 1, '', 'COLGATE', '2.11', 'UND', '1'),
(83007, 'JB PROTEX LIMP.PROFUNDA*PQT*12UND*75GRM', 1, '', 'COLGATE', '18.68', 'DOC', '12'),
(83008, 'JB PROTEX COMPLETE *PQT*12UND*75GRM', 1, '', 'COLGATE', '18.68', 'DOC', '12'),
(83009, 'JB PROTEX LIMPIEZA PROFUNDA*UND*130GRM', 1, '', 'COLGATE', '2.11', 'UND', '1'),
(83010, 'JB PROTEX COMPLETE 12HRS*UND*130GRM', 1, '', 'COLGATE', '2.03', 'UND', '1'),
(83012, 'JB PROTEX FOR MEN*UND*130GRM', 1, '', 'COLGATE', '2.11', 'UND', '1'),
(83013, 'JB PALMOLIVE FUS.NUTRITIVA*UND*130GRM', 1, '', 'COLGATE', '2.03', 'UND', '1'),
(83014, 'JB PALMOLIVE AVENA Y AZUCAR*UND*130GRM', 1, '', 'COLGATE', '2.03', 'UND', '1'),
(83015, 'JB PALMOLIVE OLIVA Y ALOE*UND*130GRM', 1, '', 'COLGATE', '2.03', 'UND', '1'),
(83018, 'JB PALMOLIVE AVE Y AZU*PQT*12UND*75GRM', 1, '', 'COLGATE', '15.27', 'DOC', '12'),
(83019, 'JB PALMOLIVE OLI Y ALOE*PQT*12UND*75GRM', 1, '', 'COLGATE', '15.27', 'DOC', '12'),
(83038, 'JB PROTEX PRO-HIDRATA*UND*130GRM', 1, '', 'COLGATE', '2.11', 'UND', '1'),
(84002, 'SV SUAVITEL FRESCA PRIMAVERA*FCO*5LTS', 1, '', 'COLGATE', '33.32', 'UND', '1'),
(84003, 'SV SUAVITEL COMPLETE*TIR*12SCH*80MLL', 1, '', 'COLGATE', '9.14', 'TIR', '12'),
(84004, 'SV SUAVITEL COMPLETE*BOT*800MLL', 1, '', 'COLGATE', '8.42', 'UND', '1'),
(84008, 'SV SUAVITEL MANZ Y FRUT ROJ*DPK*430MLL', 1, '', 'COLGATE', '2.86', 'UND', '1'),
(84009, 'SV SUAVITEL MANZ Y FRUT ROJ*DPK*210MLL', 1, '', 'COLGATE', '1.57', 'UND', '1'),
(84016, 'SUAVIZANTE SUAVITEL VAINILLA*DPK*430 MLL', 1, '', 'COLGATE', '2.86', 'UND', '1'),
(84017, 'SV SUAVITEL VAINILLA*DPK*210MLL', 1, '', 'COLGATE', '1.57', 'UND', '1'),
(84018, 'SV SUAVITEL MANZANA*TIR*12SCH*80MLL', 1, '', 'COLGATE', '9.14', 'TIR', '12'),
(85004, 'TROZOS CABALLA DOÑA GUMI A.V* 6UND*170GRM A.F', 1, '', '', '16.95', 'PCK', '6'),
(85008, 'GRATED CABALLA DOÑA GUMI A.S* 12UND*170GR A.F', 1, '', '', '22.81', 'DOC', '12'),
(85010, 'TROZO CABALLA D. GUMI*12*170GR+1 TROZO CABALLA', 1, '', '', '33.90', 'PAQ', '12'),
(87001, 'CD T.ACCION*50ML+CP P.CLEAN*PQT*6UND', 1, '', 'COLGATE', '17.59', 'UND', '6'),
(87002, '1LADY SS*DIS*18SCH+1MEN SS*DIS*18SCH', 1, '', 'COLGATE', '18.18', 'DIS', '1'),
(87003, '1 SUAV COMP*TIR*12SH + 1 SUAV MANZ*TIR*12SH', 1, '', 'COLGATE', '18.27', 'PCK', '1'),
(87006, '1 SUAV MANZ*TIR*12SH + 1 SUAV MANZ*TIR*12SH', 1, '', 'COLGATE', '18.27', 'COM', '24'),
(97002, 'GALLETA CASINO FRESA*6UND*282GR', 1, '', '', '2.75', 'PCK', '6'),
(97003, 'GALLETA CASINO CHOCO*6UND*282GR', 1, '', '', '2.75', 'PCK', '6'),
(97004, 'GALLETA CASINO ALFAJOR*6UND*282GR', 1, '', '', '2.75', 'PCK', '6'),
(97005, 'GALLETA CASINO VAINILLA*6UND*282GR', 1, '', '', '2.75', 'PCK', '6'),
(97006, 'GALLETA CASINO LUCUMA*6UND*282GR', 1, '', '', '2.75', 'PCK', '6'),
(97007, 'GALLETA CASINO COCO*6UND*282GR', 1, '', '', '2.75', 'PCK', '6'),
(97008, 'GALLETA TENTACION CHOCO*6UND*282GR', 1, '', '', '2.47', 'PCK', '6'),
(97009, 'GALLETA TENTACION NARANJA*6UND*282GR', 1, '', '', '2.47', 'PCK', '6'),
(97010, 'GALLETA TENTACION VAINILLA*6UND*282GR', 1, '', '', '2.47', 'PCK', '6'),
(97014, 'GALLETA MARGARITA*6UND*300GR', 1, '', '', '2.27', 'PCK', '6'),
(97015, 'GALLETA MARGARITA FAMILIAR*1UND*169GR', 1, '', '', '0.97', 'UND', '1'),
(97018, 'GALLETA GLACITAS TOFFE*6UND*192GR', 1, '', '', '2.75', 'PCK', '6'),
(97019, 'GALLETA GLACITAS FRESA*6UND*192GR', 1, '', '', '2.75', 'PCK', '6'),
(97020, 'GALLETA GLACITAS CHOCO*6UND*192GR', 1, '', '', '2.75', 'PCK', '6'),
(97023, 'GALLETA INTEGRACKERS MIEL*9UND*270GR', 1, '', '', '3.83', 'PCK', '9'),
(97024, 'GALLETA INTEGRACKERS SALV TRIGO*9UND*270GR', 1, '', '', '3.83', 'PCK', '9'),
(97025, 'GALLETA INTEGRACKERS QUINUA*9UND*324GR', 1, '', '', '3.83', 'PCK', '9'),
(97026, 'GALLETA SODA*6UND*210GR', 1, '', '', '1.91', 'PCK', '6'),
(97027, 'GALLETA CHOMP NARANJA*6UND*252GR', 1, '', '', '2.45', 'PCK', '6'),
(97028, 'GALLETA CHOMP CHOCOLATE*6UND*282GR', 1, '', '', '2.45', 'PCK', '6'),
(97030, 'GALLETA ZAS TORRE*1UND*74GR', 1, '', '', '0.69', 'UND', '1'),
(97031, 'GALLETA ZAS*6UND*132GR', 1, '', '', '2.05', 'PCK', '6'),
(97032, 'GALLETA MARQUESITA COCO*6UND*276GR', 1, '', '', '2.45', 'PCK', '6'),
(97033, 'GALLETA MARQUESITA VAINILLA*6UND*276GR', 1, '', '', '2.45', 'PCK', '6'),
(97034, 'GALLETA MARQUESITA NARANJA*6UND*276GR', 1, '', '', '2.45', 'PCK', '6'),
(97035, 'GALLETA MINI KRAPS DIA*1UND*65GR', 1, '', '', '0.66', 'UND', '1'),
(97037, 'GALLETA DIVAS*6UND*204GR', 1, '', '', '2.19', 'PCK', '6'),
(103100, 'P.TOALLA NOVA CLASICA*1UND (19MT)', 1, '', '', '1.85', 'UND', '1'),
(103101, 'P.TOALLA NOVA CLASICA*2UND (19MT)', 1, '', '', '3.40', 'UND', '1'),
(107001, 'WAFER CASINO CHOCOLATE*1UND*84GR', 1, '', '', '0.76', 'UND', '1'),
(107002, 'WAFER CASINO VAINILLA*1UND*84GR', 1, '', '', '0.76', 'UND', '1'),
(107003, 'WAFER CASINO FRESA*1UND*84GR', 1, '', '', '0.76', 'UND', '1'),
(107004, 'WAFER CASINO CHOCOLATE*6UND*201.6GR', 1, '', '', '1.86', 'PCK', '6'),
(107009, 'WAFER WAZZU*20UND*580GR', 1, '', '', '7.88', 'PAQ', '20'),
(108001, 'GELATINA DOÑA GUMI FRESA 6 X UND X 180G', 1, '', '', '10.81', 'PCK', '6'),
(112000, 'AVENA S.CATALINA*UND*10 KG', 1, '', '', '24.50', 'BOL', '10'),
(112005, 'AVENA S.CATALINA *1 UND*300 GR', 1, '', '', '1.14', 'UND', '1'),
(112012, 'AVENA SANTA CATALINA *BOL*48*70 GRM', 1, '', '', '14.65', 'BOL', '48'),
(112013, 'MACA Y AVENA SANTA CATALINA *BOL*24*170 GRM', 1, '', '', '23.75', 'BOL', '24'),
(112015, 'AVENA SANTA CATALINA C.MANZNA *BOL*12*90 GRM', 1, '', '', '9.98', 'BOL', '12'),
(112016, 'AVENA SANTA CATALINA C.CHOCOLATE*BOL*12*90 GRM', 1, '', '', '9.98', 'BOL', '12'),
(112020, 'AVENA S.CATALINA QUINUA*12 UND*170GR', 1, '', '', '12.71', 'PAQ', '12'),
(112023, 'AVENA S.CATALINA*24 UND*150 GR', 1, '', '', '15.00', 'BOL', '24'),
(112030, 'AVENA S.CATALINA C.KIWICHA*1 UND*300GR', 1, '', '', '1.88', 'UND', '1'),
(112031, 'AVENA S.CATALINA C.MACA*1 UND*300 GR', 1, '', '', '1.88', 'UND', '1'),
(112032, 'AVENA S.CATALINA C.SOYA*1 UND*300GR', 1, '', '', '1.88', 'UND', '1'),
(115000, 'ARROZ DOÑA GUMI EXTRA *PQT* 10UND*750GRM', 1, '', '', '31.33', 'PAQ', '10'),
(122003, 'SALSA DON VITTORIO ROJA*1UND*400GR', 1, '', '', '2.42', 'SAC', '1'),
(122007, 'MOSTAZA ALACENA*1UND*220GR', 1, '', '', '2.09', 'SAC', '1'),
(122010, 'KETCHUP ALACENA*1UND*100GR', 1, '', '', '0.84', 'SAC', '1'),
(122014, 'SALSA ALACENA ROCOTO*1UND*85GR', 1, '', '', '1.36', 'UND', '1'),
(122015, 'MOSTAZA  ALACENA*1UND*100GR', 1, '', '', '0.81', 'UND', '1'),
(126000, 'FIDEO ALIANZA SPAGHETTI*20UND*500GR', 1, '', '', '24.94', 'PAQ', '20'),
(126001, 'FIDEO ALIANZA TALLARIN*20UND*500GR', 1, '', '', '24.94', 'PAQ', '20'),
(126002, 'FIDEO ALIANZA CAB.DE ANGEL*40UND*250GR', 1, '', '', '24.94', 'PAQ', '40'),
(126003, 'FIDEO ALIANZA CANUTO GRANDE*20UND*250GR', 1, '', '', '12.45', 'PAQ', '20'),
(126004, 'FIDEO ALIANZA CANUTO CHICO*20UND*250GR', 1, '', '', '12.45', 'PAQ', '20'),
(126005, 'FIDEO ALIANZA CARACOL*20UND*250GR', 1, '', '', '12.45', 'PAQ', '20'),
(126006, 'FIDEO ALIANZA CODO RAYADO*20UND*250G', 1, '', '', '12.45', 'PAQ', '20'),
(126007, 'FIDEO ALIANZA TORNILLO*20UND*250GR', 1, '', '', '12.45', 'PAQ', '20'),
(126008, 'FIDEO ALIANZA MACARRON*20UND*250GR', 1, '', '', '12.45', 'PAQ', '20'),
(126009, 'FIDEO LAVAGGI SPAGHETTI*20UND*500GR', 1, '', '', '29.46', 'PAQ', '20'),
(126010, 'FIDEO LAVAGGI TALLARIN*20UND*500GR', 1, '', '', '29.46', 'PAQ', '20'),
(126011, 'FIDEO LAVAGGI CAB. ANGEL*40UND*250GR', 1, '', '', '29.46', 'PAQ', '40'),
(126012, 'FIDEO LAVAGGI ARITO*20UND*250GR', 1, '', '', '14.73', 'PAQ', '20'),
(126013, 'FIDEO LAVAGGI TORNILLO*20UND*250GR', 1, '', '', '14.73', 'PAQ', '20'),
(126014, 'FIDEO LAVAGGI CANUTO CHICO*20UND*250GR', 1, '', '', '14.73', 'PAQ', '20'),
(126016, 'FIDEO LAVAGGI CARACOL*20UND*250GR', 1, '', '', '14.73', 'PAQ', '20'),
(126017, 'FIDEO LAVAGGI CODO RAYADO*20UND*250GR', 1, '', '', '14.73', 'PAQ', '20'),
(126018, 'FIDEO LAVAGGI RIGATONI*20UND*250GR', 1, '', '', '14.73', 'PAQ', '20'),
(126021, 'FIDEO LAVAGGI FUTBOL*20UND*250GR', 1, '', '', '14.73', 'PAQ', '20'),
(128000, 'JAB.H.PRAVIA ORIGINAL*6UND*150GR', 1, '', '', '15.15', 'PCK', '6'),
(128001, 'JAB.H.PRAVIA C.HIDRATANTE*6UND*150GR', 1, '', '', '15.15', 'PCK', '6'),
(128002, 'JAB.H.PRAVIA ANTIBACT.*6UND*150GR', 1, '', '', '15.15', 'PCK', '6'),
(128010, 'JAB.H.PRAVIA ORIGINAL*36UND*150GR', 1, '', '', '84.74', 'CJA', '36'),
(128011, 'JAB.H.PRAVIA C.HIDRATANTE*36UND*150GR', 1, '', '', '84.74', 'CJA', '36'),
(128012, 'JAB.H.PRAVIA ANTIBACT.*36UND*150GR', 1, '', '', '84.74', 'CJA', '36'),
(128020, 'JAB.H.PRAVIA ORIGINAL*6UND*85GR', 1, '', '', '8.18', 'PCK', '6'),
(128022, 'JAB.H.PRAVIA ANTIBACT.*6UND*85GR', 1, '', '', '8.18', 'PCK', '6'),
(128030, 'JAB.H.PRAVIA ORIGINAL*36UND*85GR', 1, '', '', '46.27', 'CJA', '36'),
(130000, 'ANTIGRIPAL NASTIZOL ADULTO * 20UND', 1, '', '', '11.91', 'DIS', '20'),
(130001, 'ANTIGRIPAL NASTIZOL JUNIOR * 20UND', 1, '', '', '11.03', 'DIS', '20'),
(131000, 'ACEITE SAO VEGETAL SOYA *12UND*1LT', 1, '', 'ADM', '63.14', 'CJA', '12'),
(131005, 'ACEITE SAO PREMIUM GIRASOL*12UND*1LT', 1, '', 'ADM', '69.13', 'CJA', '12'),
(131010, 'ACEITE SAO VEGETAL SOYA*24UND*500 ML', 1, '', 'ADM', '68.86', 'CJA', '24'),
(131020, 'ACEITE SAO VEGETAL SOYA * 1UND * 3LT', 1, '', 'ADM', '15.36', 'UND', '1'),
(131025, 'ACEITE SAO VEGETAL SOYA * 1UND * 5LT', 1, '', 'ADM', '25.47', 'UND', '1'),
(131030, 'ACEITE DOÑA GUMI SOYA*12 UND*1 LT', 1, '', '', '61.78', 'CJA', '12'),
(131035, 'ACEITE DOÑA GUMI SOYA*24UND*200ML', 1, '', '', '29.16', 'CJA', '24'),
(131040, 'ACEITE IDEAL NAT.VEGETAL*12UND*1LT', 1, '', 'ADM', '65.12', 'CJA', '12'),
(131041, 'ACEITE IDEAL PREMIUM GIRASOL*12UND*1LT', 1, '', 'ADM', '69.82', 'CJA', '12'),
(131042, 'ACEITE IDEAL NAT.VEG*24UND*500ML', 1, '', 'ADM', '71.97', 'CJA', '24'),
(131043, 'ACEITE IDEAL NAT.VEGETAL*1UND* 5LT', 1, '', 'ADM', '25.97', 'UND', '1'),
(132000, 'FOCO PHILIPS 25W * 10UND', 1, '', '', '9.33', 'CJA', '10'),
(132001, 'FOCO PHILIPS 60W * 10UND', 1, '', '', '9.33', 'CJA', '10'),
(132002, 'FOCO PHILIPS 100W * 10UND', 1, '', '', '9.33', 'CJA', '10'),
(132010, 'FOCO PHILIPS AHORRA.ECON STICK 23W*1UND', 1, '', '', '5.19', 'UND', '1'),
(132011, 'FOCO PHILIPS AHORRA.ECON TWIST 23W*1UND', 1, '', '', '6.48', 'UND', '1'),
(132020, 'FOCO PHILIPS ESSENTIAL LED 9W * 1UND', 1, '', '', '5.74', 'UND', '1'),
(136000, 'PILA PANASONIC CHICA AA*1UND*20UN', 1, '', '', '7.65', 'PCK', '20'),
(136001, 'PILA PANASONIC GRANDE*1UND*24UN', 1, '', '', '25.32', 'PCK', '24'),
(136005, 'PILA PANASONIC ALKALINA AAA*1UND*2UN', 1, '', '', '1.64', 'PCK', '2'),
(137000, 'MERMELADA DOÑA GUMI FRESA*1UND*1KG', 1, '', '', '6.40', 'UND', '1'),
(137001, 'MERMELADA DOÑA GUMI FRESA*1UND*320GR', 1, '', '', '2.79', 'UND', '1'),
(137002, 'MERMELADA DOÑA GUMI FRESA*12UND*100GR', 1, '', '', '9.36', 'BOL', '12'),
(138005, 'TRATAMIENTO NUTRIBELA NUTRICION*10UND*30GR', 1, '', '', '5.93', 'DIS', '10'),
(145000, 'CEREAL ANGEL SEMILLITAS*12UND*22GR', 1, '', '', '3.54', 'TIR', '12'),
(145001, 'CEREAL ANGEL SEMILLITAS*1UND*120GR', 1, '', '', '1.63', 'UND', '1');

-- --------------------------------------------------------

--
-- Estructura de tabla para la tabla `users`
--

CREATE TABLE `users` (
  `id` int(11) NOT NULL,
  `ip_address` varchar(15) NOT NULL,
  `username` varchar(100) NOT NULL,
  `password` varchar(255) NOT NULL,
  `salt` varchar(255) DEFAULT NULL,
  `email` varchar(100) NOT NULL,
  `activation_code` varchar(40) DEFAULT NULL,
  `forgotten_password_code` varchar(40) DEFAULT NULL,
  `forgotten_password_time` int(10) UNSIGNED DEFAULT NULL,
  `remember_code` varchar(40) DEFAULT NULL,
  `created_on` int(10) UNSIGNED NOT NULL,
  `last_login` int(10) UNSIGNED DEFAULT NULL,
  `active` tinyint(1) UNSIGNED DEFAULT NULL,
  `first_name` varchar(50) DEFAULT NULL,
  `last_name` varchar(50) DEFAULT NULL,
  `company` varchar(100) DEFAULT NULL,
  `phone` varchar(20) DEFAULT NULL
) ENGINE=InnoDB DEFAULT CHARSET=utf8;

--
-- Volcado de datos para la tabla `users`
--

INSERT INTO `users` (`id`, `ip_address`, `username`, `password`, `salt`, `email`, `activation_code`, `forgotten_password_code`, `forgotten_password_time`, `remember_code`, `created_on`, `last_login`, `active`, `first_name`, `last_name`, `company`, `phone`) VALUES
(1, '127.0.0.1', 'administrator', '$2a$07$SeBknntpZror9uyftVopmu61qg0ms8Qv1yV6FG.kQOSM.9QhmTo36', '', 'admin@admin.com', '', NULL, NULL, NULL, 1268889823, 1268889823, 1, 'Admin', 'istrator', 'ADMIN', '0'),
(3, '::1', 'eliseo cabanillas', 'YetySFNGxdKkMWdSPRs2Aec295dc86d242df9473', NULL, 'pizzer@iconica.pe', NULL, NULL, NULL, NULL, 1497390232, 1498614002, 1, 'eliseo', 'cabanillas', NULL, '');

-- --------------------------------------------------------

--
-- Estructura de tabla para la tabla `users_groups`
--

CREATE TABLE `users_groups` (
  `id` int(11) NOT NULL,
  `user_id` int(11) NOT NULL,
  `group_id` mediumint(8) UNSIGNED NOT NULL
) ENGINE=InnoDB DEFAULT CHARSET=utf8;

--
-- Volcado de datos para la tabla `users_groups`
--

INSERT INTO `users_groups` (`id`, `user_id`, `group_id`) VALUES
(1, 1, 1),
(2, 1, 2),
(4, 3, 2);

-- --------------------------------------------------------

--
-- Estructura de tabla para la tabla `venta`
--

CREATE TABLE `venta` (
  `idVENTA` int(11) NOT NULL,
  `fecha` date DEFAULT NULL,
  `Volumen` decimal(10,1) DEFAULT '0.0',
  `Monto` decimal(10,2) DEFAULT '0.00',
  `Cobertura` int(11) DEFAULT '1',
  `users_id` int(11) NOT NULL,
  `CLIENTE_idCLIENTE` int(11) NOT NULL,
  `producto_idPRODUCTO` int(11) NOT NULL,
  `producto_marca_idMARCA` varchar(45) NOT NULL,
  `Activo` tinyint(1) DEFAULT '1'
) ENGINE=InnoDB DEFAULT CHARSET=utf8;

--
-- Volcado de datos para la tabla `venta`
--

INSERT INTO `venta` (`idVENTA`, `fecha`, `Volumen`, `Monto`, `Cobertura`, `users_id`, `CLIENTE_idCLIENTE`, `producto_idPRODUCTO`, `producto_marca_idMARCA`, `Activo`) VALUES
(240, '2017-06-27', '0.5', '35.18', 1, 3, 1, 77010, 'COLGATE', 1);

--
-- Índices para tablas volcadas
--

--
-- Indices de la tabla `cliente`
--
ALTER TABLE `cliente`
  ADD PRIMARY KEY (`idCLIENTE`);

--
-- Indices de la tabla `detalle_meta`
--
ALTER TABLE `detalle_meta`
  ADD PRIMARY KEY (`producto_idPRODUCTO`,`producto_marca_idMARCA`,`meta_idMETA`),
  ADD KEY `fk_detalle_meta_meta1_idx` (`meta_idMETA`);

--
-- Indices de la tabla `groups`
--
ALTER TABLE `groups`
  ADD PRIMARY KEY (`id`);

--
-- Indices de la tabla `marca`
--
ALTER TABLE `marca`
  ADD PRIMARY KEY (`idMARCA`);

--
-- Indices de la tabla `meta`
--
ALTER TABLE `meta`
  ADD PRIMARY KEY (`idMETA`);

--
-- Indices de la tabla `producto`
--
ALTER TABLE `producto`
  ADD PRIMARY KEY (`idPRODUCTO`,`marca_idMARCA`),
  ADD KEY `fk_producto_marca1_idx` (`marca_idMARCA`);

--
-- Indices de la tabla `users`
--
ALTER TABLE `users`
  ADD PRIMARY KEY (`id`);

--
-- Indices de la tabla `users_groups`
--
ALTER TABLE `users_groups`
  ADD PRIMARY KEY (`id`),
  ADD UNIQUE KEY `uc_users_groups` (`user_id`,`group_id`),
  ADD KEY `fk_users_groups_users1_idx` (`user_id`),
  ADD KEY `fk_users_groups_groups1_idx` (`group_id`);

--
-- Indices de la tabla `venta`
--
ALTER TABLE `venta`
  ADD PRIMARY KEY (`idVENTA`,`CLIENTE_idCLIENTE`,`producto_idPRODUCTO`,`producto_marca_idMARCA`),
  ADD KEY `fk_VENTA_CLIENTE1_idx` (`CLIENTE_idCLIENTE`),
  ADD KEY `fk_venta_users1_idx` (`users_id`),
  ADD KEY `fk_venta_producto1_idx` (`producto_idPRODUCTO`,`producto_marca_idMARCA`);

--
-- AUTO_INCREMENT de las tablas volcadas
--

--
-- AUTO_INCREMENT de la tabla `groups`
--
ALTER TABLE `groups`
  MODIFY `id` mediumint(8) UNSIGNED NOT NULL AUTO_INCREMENT, AUTO_INCREMENT=3;
--
-- AUTO_INCREMENT de la tabla `meta`
--
ALTER TABLE `meta`
  MODIFY `idMETA` int(11) NOT NULL AUTO_INCREMENT, AUTO_INCREMENT=26;
--
-- AUTO_INCREMENT de la tabla `producto`
--
ALTER TABLE `producto`
  MODIFY `idPRODUCTO` int(11) NOT NULL AUTO_INCREMENT, AUTO_INCREMENT=145002;
--
-- AUTO_INCREMENT de la tabla `users`
--
ALTER TABLE `users`
  MODIFY `id` int(11) NOT NULL AUTO_INCREMENT, AUTO_INCREMENT=4;
--
-- AUTO_INCREMENT de la tabla `users_groups`
--
ALTER TABLE `users_groups`
  MODIFY `id` int(11) NOT NULL AUTO_INCREMENT, AUTO_INCREMENT=5;
--
-- AUTO_INCREMENT de la tabla `venta`
--
ALTER TABLE `venta`
  MODIFY `idVENTA` int(11) NOT NULL AUTO_INCREMENT, AUTO_INCREMENT=241;
--
-- Restricciones para tablas volcadas
--

--
-- Filtros para la tabla `detalle_meta`
--
ALTER TABLE `detalle_meta`
  ADD CONSTRAINT `fk_detalle_meta_meta1` FOREIGN KEY (`meta_idMETA`) REFERENCES `meta` (`idMETA`) ON DELETE NO ACTION ON UPDATE NO ACTION,
  ADD CONSTRAINT `fk_detalle_meta_producto1` FOREIGN KEY (`producto_idPRODUCTO`,`producto_marca_idMARCA`) REFERENCES `producto` (`idPRODUCTO`, `marca_idMARCA`) ON DELETE NO ACTION ON UPDATE NO ACTION;

--
-- Filtros para la tabla `producto`
--
ALTER TABLE `producto`
  ADD CONSTRAINT `fk_producto_marca1` FOREIGN KEY (`marca_idMARCA`) REFERENCES `marca` (`idMARCA`) ON DELETE NO ACTION ON UPDATE NO ACTION;

--
-- Filtros para la tabla `users_groups`
--
ALTER TABLE `users_groups`
  ADD CONSTRAINT `fk_users_groups_groups1` FOREIGN KEY (`group_id`) REFERENCES `groups` (`id`) ON DELETE CASCADE ON UPDATE NO ACTION,
  ADD CONSTRAINT `fk_users_groups_users1` FOREIGN KEY (`user_id`) REFERENCES `users` (`id`) ON DELETE CASCADE ON UPDATE NO ACTION;

--
-- Filtros para la tabla `venta`
--
ALTER TABLE `venta`
  ADD CONSTRAINT `fk_VENTA_CLIENTE1` FOREIGN KEY (`CLIENTE_idCLIENTE`) REFERENCES `cliente` (`idCLIENTE`) ON DELETE NO ACTION ON UPDATE NO ACTION,
  ADD CONSTRAINT `fk_venta_producto1` FOREIGN KEY (`producto_idPRODUCTO`,`producto_marca_idMARCA`) REFERENCES `producto` (`idPRODUCTO`, `marca_idMARCA`) ON DELETE NO ACTION ON UPDATE NO ACTION,
  ADD CONSTRAINT `fk_venta_users1` FOREIGN KEY (`users_id`) REFERENCES `users` (`id`) ON DELETE NO ACTION ON UPDATE NO ACTION;

/*!40101 SET CHARACTER_SET_CLIENT=@OLD_CHARACTER_SET_CLIENT */;
/*!40101 SET CHARACTER_SET_RESULTS=@OLD_CHARACTER_SET_RESULTS */;
/*!40101 SET COLLATION_CONNECTION=@OLD_COLLATION_CONNECTION */;
